순위,서명,저자,출판사,출판년도,권,ISBN,ISBN부가기호,KDC,대출건수
1,흔한남매,원작: 흔한남매 ;그림: 유난희,미래엔,2019,15,9791168417199 ,77810,810,109
2,흔한남매,원작: 흔한남매 ;그림: 유난희,미래엔,2019,14,9791168416369 ,77810,810,103
3,흔한남매,원작: 흔한남매 ;그림: 유난희,미래엔,2019,13,9.79117E+12,77810,810,100
4,흔한남매,원작: 흔한남매 ;그림: 유난희,미래엔,2019,10,9.79117E+12,77810,810,99
5,흔한남매,원작: 흔한남매 ;그림: 유난희,미래엔,2019,12,9.79117E+12,77810,810,97
6,흔한남매,원작: 흔한남매 ;그림: 유난희,미래엔,2019,11,9.79117E+12,77810,810,94
7,흔한남매 이상한 나라의 고전 읽기,최재훈 글 ;정주연 그림,미래엔,2022,1,9.79117E+12,74810,813.5,87
8,흔한남매,원작: 흔한남매 ;그림: 유난희,미래엔,2019,16,9.79117E+12,77810,810,86
9,흔한남매,원작: 흔한남매 ;그림: 유난희,미래엔,2019,9,9.79116E+12,77810,810,85
10,흔한남매,원작: 흔한남매 ;그림: 유난희,미래엔,2019,8,9.79116E+12,77810,810,84
10,흔한남매의 흔한 호기심 :일상에서 만나는 과학 상식,원작: 흔한남매 ;그림: 유난희,미래엔,2020,4,9.79116E+12,77400,400,84
10,흔한남매 오해요 :귀염 뽀짝 부캐들과 펼치는 초단편 콩트 만화 ,원작: 흔한남매 ;그림: 유난희,미래엔,2022,,9.79117E+12,77810,810,84
10,흔한남매의 흔한 호기심 :일상에서 만나는 과학 상식,원작: 흔한남매 ;그림: 유난희,미래엔,2020,10,9.79117E+12,77400,400,84
14,흔한남매 과학 탐험대,원작: 흔한남매 ;임혜영,김영사,2021,9,9.78893E+12,77400,400,82
14,(흔한남매) 수수께끼 어드벤처 :수수께끼로 배우는 교과 지식,원작: 흔한남매 ;그림: 도니패밀리,미래엔,2022,2,9.79117E+12,77030,388,82
16,백앤아 :교양이 층층 쌓이는 점프 맵,원작: 백앤아 ;그림: 돌만,샌드박스네트워크,2023,3,9.79119E+12,77810,31,81
17,흔한남매 이상한 나라의 고전 읽기,최재훈 글 ;정주연 그림,미래엔,2022,2,9.79117E+12,74810,813.5,80
18,흔한남매 과학 탐험대,원작: 흔한남매 ;임혜영,김영사,2021,10,9.78893E+12,77400,400,79
19,급식왕 go,원작: 급식왕 ;그림: 구은미,북이십일,2020,3,9.78895E+12,74810,810,78
20,흔한남매의 흔한 호기심 :일상에서 만나는 과학 상식,원작: 흔한남매 ;그림: 유난희,미래엔,2020,6,9.79117E+12,77400,400,77
20,(흔한남매) 수수께끼 어드벤처 :수수께끼로 배우는 교과 지식,원작: 흔한남매 ;그림: 도니패밀리,미래엔,2022,1,9.79117E+12,77030,388,77
22,흔한남매,원작: 흔한남매 ;그림: 유난희,미래엔,2019,3,9.79116E+12,77810,810,76
22,흔한남매의 흔한 호기심 :일상에서 만나는 과학 상식,원작: 흔한남매 ;그림: 유난희,미래엔,2020,8,9.79117E+12,77400,400,76
22,흔한남매 이상한 나라의 고전 읽기,최재훈 글 ;정주연 그림,미래엔,2022,3,9.79117E+12,74810,813.5,76
22,웃소,원작: 웃소 ;그림: 박강호,미래엔,2021,7,9.79117E+12,77810,810,76
22,흔한남매 이무기 :이해하면 무서운 이야기,원작: 흔한남매 ;그림: 도니패밀리,미래엔,2023,1,9.79117E+12,77810,810,76
27,흔한남매 이상한 나라의 고전 읽기,최재훈 글 ;정주연 그림,미래엔,2022,4,9.79117E+12,74810,813.5,75
28,흔한남매,원작: 흔한남매 ;그림: 유난희,미래엔,2019,4,9.79116E+12,77810,810,73
28,흔한남매,원작: 흔한남매 ;그림: 유난희,미래엔,2019,7,9.79116E+12,77810,810,73
28,(흔한남매) 수수께끼 어드벤처 :수수께끼로 배우는 교과 지식,원작: 흔한남매 ;그림: 도니패밀리,미래엔,2022,4,9.79117E+12,77030,388,73
31,흔한남매 과학 탐험대,원작: 흔한남매 ;임혜영,김영사,2021,2,9.78893E+12,77400,400,72
31,(흔한남매) 별난 방탈출 :탈출 미션 스토리북,흔한남매 원작 ;차차 그림,미래엔,2020,3,9.79116E+12,77810,691,72
33,흔한남매 불꽃 튀는 우리말 :초등 국어 고수 되기 프로젝트,원작: 흔한남매 ;그림: 유희석,다산북스,2021,3,9.79113E+12,77700,710,71
33,흔한남매 이상한 나라의 고전 읽기,최재훈 글 ;정주연 그림,미래엔,2022,5,9.79117E+12,74810,813.5,71
35,흔한남매 과학 탐험대,원작: 흔한남매 ;임혜영,김영사,2021,0,9.78893E+12,77400,400,70
35,(흔한남매) 별난 방탈출 :탈출 미션 스토리북,흔한남매 원작 ;차차 그림,미래엔,2020,4,9.79117E+12,77810,691,70
35,백앤아 :교양이 층층 쌓이는 점프 맵,원작: 백앤아 ;그림: 돌만,샌드박스네트워크,2023,4,9.79119E+12,77810,31,70
38,흔한남매,원작: 흔한남매 ;그림: 유난희,미래엔,2019,6,9.79116E+12,77810,810,69
38,놓지 마 과학!,"글·그림: 신태훈,나승훈",위즈덤하우스,2016,16,9.79117E+12,67400,408,69
38,놓지 마 과학!,"글·그림: 신태훈,나승훈",위즈덤하우스,2016,18,9.79117E+12,77400,408,69
38,흔한남매의 흔한 호기심 :일상에서 만나는 과학 상식,원작: 흔한남매 ;그림: 유난희,미래엔,2020,7,9.79117E+12,77400,400,69
38,흔한남매의 흔한 호기심 :일상에서 만나는 과학 상식,원작: 흔한남매 ;그림: 유난희,미래엔,2020,9,9.79117E+12,77400,400,69
43,흔한남매 과학 탐험대,원작: 흔한남매 ;임혜영,김영사,2021,7,9.78893E+12,77400,400,68
43,고양이 해결사 깜냥,홍민정 동화 ;김재희 그림,창비,2020,5,9.78894E+12,73810,813.7,68
43,(타키·포오의) 이세계 여행사,원작: 캐릭온TV ;그림: 이지운,대원키즈,2023,3,9.79117E+12,77810,810,68
46,흔한남매의 흔한 호기심 :일상에서 만나는 과학 상식,원작: 흔한남매 ;그림: 유난희,미래엔,2020,12,9.79117E+12,77400,400,67
47,흔한남매 과학 탐험대,원작: 흔한남매 ;임혜영,김영사,2021,1,9.78893E+12,77400,400,66
47,놓지 마 과학!,"글·그림: 신태훈,나승훈",위즈덤하우스,2016,17,9.79117E+12,67400,408,66
47,에그박사 :Egg&bugs,원작: 에그박사 ;그림: 홍종현,미래엔,2020,11,9.79117E+12,77490,472,66
47,에그박사 :Egg&bugs,원작: 에그박사 ;그림: 홍종현,미래엔,2020,12,9.79117E+12,77490,472,66
47,설민석의 한국사 대모험,"글: 설민석,그림: 정현희",Dankkum i(단꿈아이),2022,27,9.79119E+12,74910,911,66
52,백앤아 :교양이 층층 쌓이는 점프 맵,원작: 백앤아 ;그림: 돌만,샌드박스네트워크,2023,2,9.79119E+12,77810,31,65
53,흔한남매 과학 탐험대,원작: 흔한남매 ;임혜영,김영사,2021,11,9.78893E+12,77400,400,64
53,흔한남매,원작: 흔한남매 ;그림: 유난희,미래엔,2019,2,9.79116E+12,77810,810,64
53,(흔한남매) 안 흔한 일기,흔한남매 원작 ;조병주 그림,미래엔,2020,3,9.79116E+12,74810,816.7,64
53,흔한남매의 흔한 호기심 :일상에서 만나는 과학 상식,원작: 흔한남매 ;그림: 유난희,미래엔,2020,3,9.79116E+12,77400,400,64
53,에그박사 :Egg&bugs,원작: 에그박사 ;그림: 홍종현,미래엔,2020,13,9.79117E+12,77490,472,64
53,놓지 마 과학!,"글·그림: 신태훈,나승훈",위즈덤하우스,2016,13,9.79119E+12,67400,408,64
59,흔한남매,원작: 흔한남매 ;그림: 유난희,미래엔,2019,5,9.79116E+12,77810,810,63
59,흔한남매의 흔한 호기심 :일상에서 만나는 과학 상식,원작: 흔한남매 ;그림: 유난희,미래엔,2020,1,9.79116E+12,77400,400,63
59,흔한남매의 흔한 호기심 :일상에서 만나는 과학 상식,원작: 흔한남매 ;그림: 유난희,미래엔,2020,2,9.79116E+12,77400,400,63
59,웃소,원작: 웃소 ;그림: 박강호,미래엔,2021,6,9.79117E+12,77810,810,63
63,(흔한남매) 별난 방탈출 :탈출 미션 스토리북,흔한남매 원작 ;차차 그림,미래엔,2020,2,9.79116E+12,77810,691,62
64,급식왕 go,원작: 급식왕 ;그림: 구은미,북이십일,2020,1,9.78895E+12,74810,810,61
64,급식왕 go,원작: 급식왕 ;그림: 구은미,북이십일,2020,2,9.78895E+12,74810,810,61
64,에그박사 :Egg&bugs,원작: 에그박사 ;그림: 홍종현,미래엔,2020,2,9.79116E+12,77490,472,61
64,신기한 맛 도깨비 식당 8,"김용세, 김병섭 (지은이), 센개 (그림)",꿈터,2024,8,9.79117E+12,,,61
64,슈뻘맨의 숨은 과학 찾기 :엉뚱 도전 속에 숨은 과학 상식,슈뻘맨 원작 ;류수형 그림,미래엔,2023,4,9.79117E+12,77400,400,61
64,비밀요원 레너드,글: 박설연 ;그림: 김덕영,아울북(북이십일 아울북),2022,18,9.79117E+12,74810,813.7,61
64,놓지 마 과학!,"글·그림: 신태훈,나승훈",위즈덤하우스,2016,19,9.79117E+12,77400,408,61
64,급식왕 go,원작: 급식왕 ;그림: 구은미,샌드박스네트워크,2022,8,9.79119E+12,74810,810,61
72,에그박사 :Egg&bugs,원작: 에그박사 ;그림: 홍종현,미래엔,2020,4,9.79116E+12,77490,472,60
72,흔한남매의 흔한 호기심 :일상에서 만나는 과학 상식,원작: 흔한남매 ;그림: 유난희,미래엔,2020,5,9.79117E+12,77400,400,60
72,흔한남매 이상한 나라의 고전 읽기,최재훈 글 ;정주연 그림,미래엔,2022,6,9.79117E+12,74810,813.5,60
75,낭만 강아지 봉봉,홍민정 글 ;김무연 그림,다산북스,2022,5,9.79113E+12,74810,813.7,59
75,(흔한남매) 안 흔한 일기,흔한남매 원작 ;조병주 그림,미래엔,2020,2,9.79116E+12,74810,816.7,59
75,설민석의 한국사 대모험,"글: 설민석,그림: 정현희",Dankkum i(단꿈아이),2022,26,9.79119E+12,74910,911,59
78,고양이 해결사 깜냥,홍민정 동화 ;김재희 그림,창비,2020,3,9.78894E+12,74810,813.7,58
78,흔한남매 불꽃 튀는 우리말 :초등 국어 고수 되기 프로젝트,원작: 흔한남매 ;그림: 유희석,다산북스,2021,4,9.79113E+12,77700,710,58
78,(흔한남매) 별난 방탈출 :탈출 미션 스토리북,흔한남매 원작 ;차차 그림,미래엔,2020,5,9.79117E+12,77810,691,58
78,흔한남매의 흔한 호기심 :일상에서 만나는 과학 상식,원작: 흔한남매 ;그림: 유난희,미래엔,2020,11,9.79117E+12,77400,400,58
78,(흔한남매) 별난 세계 여행,흔한남매 원작 ;정주연 그림,미래엔,2023,1,9.79117E+12,74810,980.2,58
83,고양이 해결사 깜냥,홍민정 동화 ;김재희 그림,창비,2020,4,9.78894E+12,74810,813.7,57
83,흔한남매,원작: 흔한남매 ;그림: 유난희,미래엔,2019,1,9.79116E+12,77810,810,57
83,백앤아 :교양이 층층 쌓이는 점프 맵,원작: 백앤아 ;그림: 돌만,샌드박스네트워크,2023,6,9.79119E+12,77810,31,57
86,놓지 마 맞춤법,"신태훈,나승훈 글·그림",김영사,2023,1,9.78893E+12,77700,711,56
86,고양이 해결사 깜냥,홍민정 동화 ;김재희 그림,창비,2020,1,9.78894E+12,74810,813.7,56
86,마법천자문 :손오공의 한자 대탐험,"저자: 스튜디오시리얼,정수영",아울북,2005,61,9.79117E+12,77720,711.4,56
86,놓지 마 과학!,"글·그림: 신태훈,나승훈",위즈덤하우스,2016,15,9.79119E+12,67400,408,56
90,급식왕 go,원작: 급식왕 ;그림: 구은미,북이십일,2020,4,9.78895E+12,74810,810,55
90,(흔한남매) 안 흔한 일기,흔한남매 원작 ;조병주 그림,미래엔,2020,1,9.79116E+12,74810,816.7,55
90,(흔한남매) 별난 방탈출 :탈출 미션 스토리북,흔한남매 원작 ;차차 그림,미래엔,2020,1,9.79116E+12,77810,691,55
90,의사 어벤저스 :어린이 의학 동화,글: 고희정 ;그림: 조승연,가나문화콘텐츠,2021,16,9.79117E+12,74510,510,55
90,웃소,원작: 웃소 ;그림: 박강호,미래엔,2021,5,9.79117E+12,77810,810,55
90,마법천자문 :손오공의 한자 대탐험,"저자: 스튜디오시리얼,정수영",아울북,2005,60,9.79117E+12,77720,711.4,55
96,고양이 해결사 깜냥,홍민정 동화 ;김재희 그림,창비,2020,6,9.78894E+12,73810,813.7,54
96,(흔한남매) 별난 세계 여행,흔한남매 원작 ;정주연 그림,미래엔,2023,2,9.79117E+12,74810,980.2,54
96,(흔한남매) 별난 세계 여행,흔한남매 원작 ;정주연 그림,미래엔,2023,3,9.79117E+12,74810,980.2,54
96,놓지 마 과학!,"글·그림: 신태훈,나승훈",위즈덤하우스,2016,11,9.79119E+12,67400,408,54
96,똥볶이 할멈 :K-히어로 판타지,글: 강효미 ;그림: 김무연,따끈따끈책방,2021,5,9.79119E+12,74810,813.7,54
96,놓지 마 과학!,"글·그림: 신태훈,나승훈",위즈덤하우스,2016,14,9.79119E+12,67400,408,54
96,백앤아 :교양이 층층 쌓이는 점프 맵,원작: 백앤아 ;그림: 돌만,샌드박스네트워크,2023,5,9.79119E+12,77810,31,54
96,백앤아 :교양이 층층 쌓이는 점프 맵,원작: 백앤아 ;그림: 돌만,샌드박스네트워크,2023,7,9.79119E+12,77810,31,54
96,설민석의 세계사 대모험,"글: 설민석,그림: 박성일",단꿈아이,2019,19,9.79119E+12,77900,909,54
96,설민석의 한국사 대모험,"글: 설민석,그림: 정현희",Dankkum i(단꿈아이),2022,28,9.79119E+12,74910,911,54
96,(설민석의) 그리스 로마 신화 대모험,"글: 설민석,라임스튜디오",Dankkum i(단꿈아이),2022,9,9.79119E+12,77890,219,54
107,고양이 해결사 깜냥,홍민정 동화 ;김재희 그림,창비,2020,2,9.78894E+12,74810,813.7,53
107,고양이 해결사 깜냥,홍민정 동화 ;김재희 그림,창비,2020,7,9.78894E+12,73810,813.7,53
107,슈뻘맨의 숨은 과학 찾기 :엉뚱 도전 속에 숨은 과학 상식,슈뻘맨 원작 ;류수형 그림,미래엔,2023,2,9.79117E+12,77400,400,53
107,웃소,원작: 웃소 ;그림: 박강호,미래엔,2021,8,9.79117E+12,77810,810,53
111,흔한남매 과학 탐험대,원작: 흔한남매 ;임혜영,김영사,2021,8,9.78893E+12,77400,400,52
111,Go go 카카오 프렌즈 :세계 역사 문화 체험 학습만화,글: 김미영 ;정보글: 최은하,아울북(북이십일 아울북),2018,27,9.78895E+12,74900,980.2,52
111,흔한남매 불꽃 튀는 우리말 :초등 국어 고수 되기 프로젝트,원작: 흔한남매 ;그림: 유희석,다산북스,2021,2,9.79113E+12,77700,710,52
111,에그박사 :Egg&bugs,원작: 에그박사 ;그림: 홍종현,미래엔,2020,1,9.79116E+12,77490,472,52
111,에그박사 :Egg&bugs,원작: 에그박사 ;그림: 홍종현,미래엔,2020,10,9.79117E+12,77490,472,52
111,곤충보다 작아진 정브르 :생물 학습 만화,원작: 정브르 ;그림: 강신영,겜툰,2022,5,9.79117E+12,77490,491,52
111,(타키포오) 얼렁뚱땅 상식스쿨,원작: 캐릭온TV ;그림: 조수현,대원씨아이,2023,1,9.79117E+12,77810,31,52
111,놓지 마 과학!,"글·그림: 신태훈,나승훈",위즈덤하우스,2016,12,9.79119E+12,67400,408,52
119,급식왕 go,원작: 급식왕 ;그림: 구은미,북이십일,2020,5,9.78895E+12,74810,810,51
119,생일엔 마라탕,글: 류미정 ;그림: 손수정,밝은미래,2024,1,9.78897E+12,73810,813.7,51
119,(이상한 과자 가게) 전천당,히로시마 레이코 글 ;김정화 옮김,길벗스쿨,2019,20,9.79116E+12,73830,833.6,51
119,파뿌리24 16,"파뿌리 (원작), 백승하 (글), 이정태 (그림), 샌드박스 네트워크 (감수)",겜툰,2024,16,9.79117E+12,,,51
119,(타키·포오의) 이세계 여행사,원작: 캐릭온TV ;그림: 이지운,대원키즈,2023,2,9.79117E+12,77810,810,51
119,비밀요원 레너드,글: 박설연 ;그림: 김덕영,아울북(북이십일 아울북),2022,19,9.79117E+12,74810,813.7,51
125,위풍당당 여우 꼬리,손원평 글 ;만물상 그림,창비,2021,4,9.78894E+12,74810,813.7,50
125,위풍당당 여우 꼬리,손원평 글 ;만물상 그림,창비,2021,5,9.78894E+12,73810,813.7,50
125,내일은 실험왕 :본격 대결 과학실험 만화 시즌2,글: 스토리 a. ;그림: 홍종현,미래엔,2021,28,9.79117E+12,77400,400,50
125,흔한남매,원작: 흔한남매 ;그림: 유난희,미래엔,2019,17,9.79117E+12,77810,810,50
125,(타키·포오의) 이세계 여행사,원작: 캐릭온TV ;그림: 이지운,대원키즈,2023,1,9.79117E+12,77810,810,50
125,(타키·포오의) 이세계 여행사,원작: 캐릭온TV ;그림: 이지운,대원키즈,2023,5,9.79117E+12,77810,810,50
125,빨간내복야코,원작: 빨간내복야코 ;글·그림: 서후,샌드박스네트워크,2023,1,9.79119E+12,74810,810,50
132,생일엔 마라탕,글: 류미정 ;그림: 손수정,밝은미래,2024,2,9.78897E+12,73810,813.7,49
132,(흔한남매) 흔한 게임,원작: 흔한남매 ;그림: 도니패밀리,미래엔,2024,1,9.79117E+12,77810,810,49
132,(설민석의) 그리스 로마 신화 대모험,"글: 설민석,라임스튜디오",Dankkum i(단꿈아이),2022,8,9.79119E+12,77890,219,49
132,(설민석의) 그리스 로마 신화 대모험,"글: 설민석,라임스튜디오",Dankkum i(단꿈아이),2022,3,9.7912E+12,77890,219,49
136,흔한남매 과학 탐험대 4 : 물질,"흔한남매 (원작), 이현진, 닥터 스코 (글), 김덕영 (그림), 최진수 (감수), 정현철, 김희목, 권경아, 최진수 (기획)",주니어김영사,2022,4,9.78893E+12,,,48
136,놓지 마 맞춤법 2 - 불꽃 튀는 본선 속으로,"신태훈 (지은이), 나승훈 (그림), 정상은 (감수)",주니어김영사,2023,2,9.78893E+12,,,48
136,Go go 카카오 프렌즈 :세계 역사 문화 체험 학습만화,글: 김미영 ;정보글: 최은하,아울북(북이십일 아울북),2018,28,9.78895E+12,74900,980.2,48
136,낭만 강아지 봉봉,홍민정 글 ;김무연 그림,다산북스,2022,2,9.79113E+12,74810,813.7,48
136,호랑이 빵집,글: 서지원 ;그림: 홍그림,지학사,2023,2,9.79116E+12,74810,813.7,48
136,의사 어벤저스 :어린이 의학 동화,글: 고희정 ;그림: 조승연,가나문화콘텐츠,2021,19,9.79117E+12,74510,510,48
136,Go go 카카오 프렌즈 :세계 역사 문화 체험 학습만화,글: 김미영 ;정보글: 최은하,아울북(북이십일 아울북),2018,29,9.79117E+12,74900,980.2,48
136,(타키포오) 얼렁뚱땅 상식스쿨,원작: 캐릭온TV ;그림: 조수현,대원씨아이,2023,3,9.79117E+12,77810,31,48
136,(설민석의) 그리스 로마 신화 대모험,"글: 설민석,라임스튜디오",Dankkum i(단꿈아이),2022,2,9.79119E+12,77890,219,48
136,설민석의 세계사 대모험,"글: 설민석,그림: 박성일",단꿈아이,2019,21,9.79119E+12,77900,909,48
136,(설민석의) 그리스 로마 신화 대모험,"글: 설민석,라임스튜디오",Dankkum i(단꿈아이),2022,6,9.79119E+12,77890,219,48
136,설민석의 삼국지 대모험,원작: 나관중 ;만화: 스튜디오 담,Dankkum i(단꿈아이),2021,18,9.79119E+12,77820,823.5,48
148,(이상한 과자 가게) 전천당,히로시마 레이코 글 ;김정화 옮김,길벗스쿨,2019,1,9.79116E+12,74830,833.6,47
148,웃소,원작: 웃소 ;그림: 박강호,미래엔,2021,1,9.79116E+12,77810,810,47
148,(신기한 맛) 도깨비 식당,"김용세,센개 그림",꿈터,2022,3,9.79117E+12,74810,813.7,47
148,웃소,원작: 웃소 ;그림: 박강호,미래엔,2021,4,9.79117E+12,77810,810,47
148,곤충보다 작아진 정브르 :생물 학습 만화,원작: 정브르 ;그림: 강신영,겜툰,2022,3,9.79117E+12,77490,491,47
148,(백종원의) 도전 요리왕 :음식으로 맛보는 세계 역사 문화 체험 ,"글: 백종원,그림: 이정태",위즈덤하우스 미디어그룹,2019,4,9.79119E+12,74900,594,47
148,(설민석의) 그리스 로마 신화 대모험,"글: 설민석,라임스튜디오",Dankkum i(단꿈아이),2022,4,9.79119E+12,77890,219,47
148,설민석의 세계사 대모험,"글: 설민석,그림: 박성일",단꿈아이,2019,20,9.79119E+12,77900,909,47
156,웃소,원작: 웃소 ;그림: 박강호,미래엔,2021,2,9.79116E+12,77810,810,46
156,흔한남매 이무기 :이해하면 무서운 이야기,원작: 흔한남매 ;그림: 도니패밀리,미래엔,2023,2,9.79117E+12,77810,810,46
156,코믹 메이플 스토리 수학도둑 98 - 국내 최초 수학논술만화,"송도수 (지은이), 서정 엔터테인먼트 (그림), 여운방 (감수)",서울문화사,2024,98,9.79117E+12,,,46
156,비밀요원 레너드,글: 박설연 ;그림: 김덕영,아울북(북이십일 아울북),2022,20,9.79117E+12,74810,813.7,46
156,(설민석의) 우리 고전 대모험,"글: 설민석,그림: 강신영",Dankkum i(단꿈아이),2024,2,9.79119E+12,74810,813.5,46
161,그리스 로마 신화,"글: 박시연,정보글: 강대진",아울북(북이십일 아울북),2017,36,9.78895E+12,74800,219,45
161,Go go 카카오 프렌즈 :세계 역사 문화 체험 학습만화,글: 김미영 ;정보글: 최은하,아울북(북이십일 아울북),2018,7,9.78895E+12,74900,980.2,45
161,Go go 카카오 프렌즈 :세계 역사 문화 체험 학습만화,글: 김미영 ;정보글: 최은하,아울북(북이십일 아울북),2018,23,9.78895E+12,74900,980.2,45
161,의사 어벤저스 :어린이 의학 동화,글: 고희정 ;그림: 조승연,가나문화콘텐츠,2021,1,9.78896E+12,74510,510,45
161,에그박사 :Egg&bugs,원작: 에그박사 ;그림: 홍종현,미래엔,2020,3,9.79116E+12,77490,472,45
161,의사 어벤저스 :어린이 의학 동화,글: 고희정 ;그림: 조승연,가나문화콘텐츠,2021,15,9.79117E+12,74510,510,45
161,의사 어벤저스 :어린이 의학 동화,글: 고희정 ;그림: 조승연,가나문화콘텐츠,2021,17,9.79117E+12,74510,510,45
161,의사 어벤저스 :어린이 의학 동화,글: 고희정 ;그림: 조승연,가나문화콘텐츠,2021,20,9.79117E+12,74510,510,45
161,슈뻘맨의 숨은 과학 찾기 :엉뚱 도전 속에 숨은 과학 상식,슈뻘맨 원작 ;류수형 그림,미래엔,2023,1,9.79117E+12,77400,400,45
161,물리박사 김상욱의 수상한 연구실 :어린이를 위한 세상의 모든 과학,글: 김하연 ;그림: 정순규,아울북(북이십일 아울북),2023,2,9.79117E+12,74400,420,45
161,똥볶이 할멈 :K-히어로 판타지,글: 강효미 ;그림: 김무연,따끈따끈책방,2021,2,9.79119E+12,74810,813.7,45
161,설민석의 삼국지 대모험,원작: 나관중 ;만화: 스튜디오 담,Dankkum i(단꿈아이),2021,15,9.79119E+12,77820,823.5,45
173,그리스 로마 신화,"글: 박시연,정보글: 강대진",아울북(북이십일 아울북),2017,37,9.78895E+12,74800,219,44
173,Go go 카카오 프렌즈 :세계 역사 문화 체험 학습만화,글: 김미영 ;정보글: 최은하,아울북(북이십일 아울북),2018,20,9.78895E+12,74900,980.2,44
173,낭만 강아지 봉봉,홍민정 글 ;김무연 그림,다산북스,2022,1,9.79113E+12,74810,813.7,44
173,후덜덜 식당 ,글: 강효미 ;그림: 유영근,지학사,2023,2,9.79116E+12,74810,813.7,44
173,(신기한 맛) 도깨비 식당,"김용세,센개 그림",꿈터,2022,1,9.79117E+12,74810,813.7,44
173,(신기한 맛) 도깨비 식당,"김용세,센개 그림",꿈터,2022,2,9.79117E+12,74810,813.7,44
173,신기한 맛 도깨비 식당 7,"김용세, 김병섭 (지은이), 센개 (그림)",꿈터,2024,7,9.79117E+12,,,44
173,마법천자문 :손오공의 한자 대탐험,"저자: 스튜디오시리얼,정수영",아울북,2005,62,9.79117E+12,77720,711.4,44
173,똥볶이 할멈 :K-히어로 판타지,글: 강효미 ;그림: 김무연,따끈따끈책방,2021,1,9.79119E+12,74810,813.7,44
173,설민석의 삼국지 대모험,원작: 나관중 ;만화: 스튜디오 담,Dankkum i(단꿈아이),2021,17,9.79119E+12,77820,823.5,44
173,설민석의 삼국지 대모험,원작: 나관중 ;만화: 스튜디오 담,Dankkum i(단꿈아이),2021,19,9.79119E+12,77820,823.5,44
173,설민석의 한국사 대모험,"글: 설민석,그림: 정현희",Dankkum i(단꿈아이),2022,29,9.79119E+12,74910,911,44
185,흔한남매 과학 탐험대 3 : 인체,"흔한남매 (원작), 이재국, 이현진, 서지은 (글), 김덕영 (그림), 정현철, 김희목, 권경아, 최진수, 박준건 (기획)",주니어김영사,2021,3,9.78893E+12,,,43
185,비밀요원 레너드,글: 박설연 ;그림: 김덕영,아울북(북이십일 아울북),2022,16,9.78895E+12,74810,813.7,43
185,우리들의 MBTI 3 : 가족 관계 (한정판 윈터 에디션) - 나의 성격을 이해하고 더 멋진 내가 되는,"조수연 (지은이), 소윤 (그림)",다산어린이,2022,3,9.79113E+12,,,43
185,낭만 강아지 봉봉,홍민정 글 ;김무연 그림,다산북스,2022,7,9.79113E+12,74810,813.7,43
185,(신기한 맛) 도깨비 식당,"김용세,센개 그림",꿈터,2022,4,9.79117E+12,74810,813.7,43
185,변호사 어벤저스 :어린이 법학 동화,글: 고희정 ;그림: 최미란,가나문화콘텐츠,2024,1,9.79117E+12,74810,360,43
185,내일은 발명왕 :본격 대결 과학발명 만화,글: 곰돌이 co. ;그림: 홍종현,Mirae N 아이세움,2011,37,9.79117E+12,77400,507.5,43
185,에그박사 :Egg&bugs,원작: 에그박사 ;그림: 홍종현,미래엔,2020,8,9.79117E+12,77490,472,43
185,환생학교 요괴반 :웃소의 판타지 미션 코믹북,원작: 웃소 ;그림: 파키나미,미래엔,2023,2,9.79117E+12,77810,810,43
185,Go go 카카오프렌즈 :자연탐사,글: 조주희 ;이혜림,아울북(북이십일 아울북),2022,6,9.79117E+12,74400,472,43
185,(타키포오) 얼렁뚱땅 상식스쿨,원작: 캐릭온TV ;그림: 조수현,대원씨아이,2023,2,9.79117E+12,77810,31,43
185,(백종원의) 도전 요리왕 :음식으로 맛보는 세계 역사 문화 체험 ,"글: 백종원,그림: 이정태",위즈덤하우스 미디어그룹,2019,2,9.79119E+12,74900,594,43
185,똥볶이 할멈 :K-히어로 판타지,글: 강효미 ;그림: 김무연,따끈따끈책방,2021,3,9.79119E+12,74810,813.7,43
185,(백종원의) 도전 요리왕 :음식으로 맛보는 세계 역사 문화 체험 ,"글: 백종원,그림: 이정태",위즈덤하우스 미디어그룹,2019,5,9.79119E+12,74900,594,43
185,(설민석의) 그리스 로마 신화 대모험,"글: 설민석,라임스튜디오",Dankkum i(단꿈아이),2022,7,9.79119E+12,77890,219,43
200,Go go 카카오 프렌즈 :세계 역사 문화 체험 학습만화,글: 김미영 ;정보글: 최은하,아울북(북이십일 아울북),2018,26,9.78895E+12,74900,980.2,42
200,마법천자문 :손오공의 한자 대탐험,"저자: 스튜디오시리얼,정수영",아울북,2005,57,9.78895E+12,77720,711.4,42
200,흔한남매 불꽃 튀는 우리말 1 - 초등 국어 고수 되기 프로젝트,흔한남매 (원작)|한은호,다산어린이,2021,1,9.79113E+12,,,42
200,수상한 이웃집 시노다,도미야스 요코 글 ;송지현 옮김,다산북스,2023,1,9.79113E+12,74830,833.6,42
200,낭만 강아지 봉봉,홍민정 글 ;김무연 그림,다산북스,2022,6,9.79113E+12,74810,813.7,42
200,(신기한 맛) 도깨비 식당,"김용세,센개 그림",꿈터,2022,6,9.79117E+12,74810,813.7,42
200,내일은 발명왕 :본격 대결 과학발명 만화,글: 곰돌이 co. ;그림: 홍종현,Mirae N 아이세움,2011,38,9.79117E+12,77400,507.5,42
200,마법천자문 :손오공의 한자 대탐험,"저자: 스튜디오시리얼,정수영",아울북,2005,63,9.79117E+12,77720,711.4,42
200,똥볶이 할멈 :K-히어로 판타지,글: 강효미 ;그림: 김무연,따끈따끈책방,2021,4,9.79119E+12,74810,813.7,42
200,설민석의 한국사 대모험,"글: 설민석,그림: 정현희",Dankkum i(단꿈아이),2022,25,9.79119E+12,74910,911,42
200,(설민석의) 그리스 로마 신화 대모험,"글: 설민석,라임스튜디오",Dankkum i(단꿈아이),2022,5,9.79119E+12,77890,219,42
211,놓지 마 맞춤법,"신태훈,나승훈 글·그림",김영사,2023,4,9.78893E+12,77700,711,41
211,말이야와 친구들 =Mari and friends,원작: 말이야와 친구들 ;그림: 이혜림,주니어김영사,2021,7,9.78893E+12,77810,813.7,41
211,위풍당당 여우 꼬리,손원평 글 ;만물상 그림,창비,2021,3,9.78894E+12,74810,813.7,41
211,Go go 카카오프렌즈 :자연탐사,글: 조주희 ;이혜림,아울북(북이십일 아울북),2022,4,9.78895E+12,74400,472,41
211,(정재승의) 인간 탐구 보고서,"글: 정재은,특대호 원고: 오경은",아울북(북이십일 아울북),2019,15,9.78895E+12,74400,511,41
211,그리스 로마 신화,"글: 박시연,정보글: 강대진",아울북(북이십일 아울북),2017,3,9.78895E+12,74800,219,41
211,Go go 카카오 프렌즈 :세계 역사 문화 체험 학습만화,글: 김미영 ;정보글: 최은하,아울북(북이십일 아울북),2018,2,9.78895E+12,74900,980.2,41
211,(비마이펫) 멍냥연구소 :온 세상 반려가족 필수 반려동물 교양만화,원작: 비마이펫 ;박지영,서울문화사,2021,1,9.79116E+12,77490,527.386,41
211,웃소,원작: 웃소 ;그림: 박강호,미래엔,2021,3,9.79117E+12,77810,810,41
211,내일은 실험왕 :본격 대결 과학실험 만화 시즌2,글: 스토리 a. ;그림: 홍종현,미래엔,2021,27,9.79117E+12,77400,400,41
211,곤충보다 작아진 정브르 :생물 학습 만화,원작: 정브르 ;그림: 강신영,겜툰,2022,1,9.79117E+12,77490,491,41
211,파뿌리24 18,"파뿌리 (원작), 백승하 (글), 이정태 (그림), 샌드박스네트워크 (감수)",겜툰,2024,18,9.79117E+12,,,41
211,(백종원의) 도전 요리왕 :음식으로 맛보는 세계 역사 문화 체험 ,"글: 백종원,그림: 이정태",위즈덤하우스 미디어그룹,2019,3,9.79119E+12,74900,594,41
211,SCP 재단 :확보하고 격리하고 보호하라,"저자: 올드스테어즈 편집부,Team. StoryG",Old Stairs,2021,6,9.79119E+12,77000,187,41
211,(설민석의) 그리스 로마 신화 대모험,"글: 설민석,라임스튜디오",Dankkum i(단꿈아이),2022,1,9.79119E+12,77890,219,41
211,설민석의 한국사 대모험,"글: 설민석,그림: 정현희",휴먼큐브,2017,2,9.7912E+12,74910,911,41
227,아무거나 문방구 :정은정 동화,지은이: 정은정 ;그린이: 유시연,창비,2024,1,9.78894E+12,73810,813.6,40
227,마법천자문 :손오공의 한자 대탐험,"저자: 스튜디오시리얼,정수영",아울북,2005,59,9.78895E+12,77720,711.4,40
227,그리스 로마 신화,"글: 박시연,정보글: 강대진",아울북(북이십일 아울북),2017,26,9.78895E+12,74800,219,40
227,(권일용 프로파일러의) 사라진 셜록 홈즈,글: 한주이 ;원작: 아서 코난 도일,아울북(북이십일 아울북),2023,1,9.78895E+12,74810,813.7,40
227,Go go 카카오 프렌즈 :세계 역사 문화 체험 학습만화,글: 김미영 ;정보글: 최은하,아울북(북이십일 아울북),2018,6,9.78895E+12,74900,980.2,40
227,우리들의 MBTI 2 : 친구 관계 - 나의 성격을 이해하고 더 멋진 내가 되는,"조수연 (지은이), 소윤 (그림)",다산어린이,2022,2,9.79113E+12,,,40
227,흔한남매 불꽃 튀는 우리말 :초등 국어 고수 되기 프로젝트,원작: 흔한남매 ;그림: 유희석,다산북스,2021,5,9.79113E+12,,710,40
227,우리들의 MBTI 5 : 진로 선택 - 나의 성격을 이해하고 더 멋진 내가 되는,"조수연 (지은이), 소윤 (그림)",다산어린이,2023,5,9.79113E+12,,,40
227,놓지 마 과학!,"글·그림: 신태훈,나승훈",위즈덤하우스,2016,6,9.79116E+12,67400,408,40
227,놓지 마 과학!,"글·그림: 신태훈,나승훈",위즈덤하우스,2016,8,9.79116E+12,67400,408,40
227,(신기한 맛) 도깨비 식당,"김용세,센개 그림",꿈터,2022,5,9.79117E+12,74810,813.7,40
227,변호사 어벤저스 :어린이 법학 동화,글: 고희정 ;그림: 최미란,가나문화콘텐츠,2024,2,9.79117E+12,74810,360,40
227,변비 탐정 실룩,이나영 글 ;박소연 그림,인플루엔셜,2023,1,9.79117E+12,74810,813.7,40
227,슈뻘맨의 숨은 과학 찾기 :엉뚱 도전 속에 숨은 과학 상식,슈뻘맨 원작 ;류수형 그림,미래엔,2023,3,9.79117E+12,77400,400,40
227,곤충보다 작아진 정브르 :생물 학습 만화,원작: 정브르 ;그림: 강신영,겜툰,2022,4,9.79117E+12,77490,491,40
227,브레드이발소 =Bread barbershop,원작·그림: 몬스터스튜디오,한솔수북,2020,3,9.79117E+12,77810,813.7,40
227,Go go 카카오 프렌즈 :세계 역사 문화 체험 학습만화,글: 김미영 ;정보글: 최은하,아울북(북이십일 아울북),2018,32,9.79117E+12,74900,980.2,40
227,(빨간내복야코) 안 읽으면 완전 위험한 과학책,빨간내복야코 원작 ;이영아 그림,위즈덤하우스,2024,1,9.79117E+12,77400,400,40
227,(타키·포오의) 이세계 여행사,원작: 캐릭온TV ;그림: 이지운,대원키즈,2023,7,9.79117E+12,77810,810,40
227,슈뻘맨의 숨은 과학 찾기 :엉뚱 도전 속에 숨은 과학 상식,슈뻘맨 원작 ;류수형 그림,미래엔,2023,5,9.79117E+12,77400,400,40
227,SCP 재단 :확보하고 격리하고 보호하라,"저자: 올드스테어즈 편집부,Team. StoryG",Old Stairs,2021,7,9.79119E+12,77000,187,40
227,설민석의 한국사 대모험,"글: 설민석,그림: 정현희",Dankkum i(단꿈아이),2022,23,9.79119E+12,74910,911,40
227,백앤아 1 : 미스터리 100층 감옥 - 교양이 층층 쌓이는 점프 맵,"백앤아 (원작), 안성훈 (글), 돌만 (그림)",샌드박스스토리 키즈,2023,1,9.79119E+12,,,40
227,급식왕 go,원작: 급식왕 ;그림: 구은미,샌드박스네트워크,2022,9,9.79119E+12,74810,810,40
227,설민석의 세계사 대모험,"글: 설민석,그림: 박성일",단꿈아이,2019,17,9.79119E+12,77900,909,40
227,채사장의 지대넓얕 :지적 대화를 위한 넓고 얕은 지식,"글: 채사장,그림: 정용환",Dolphin Books(돌핀북),2021,10,9.79119E+12,74900,1,40
227,설민석의 한국사 대모험,"글: 설민석,그림: 정현희",휴먼큐브,2017,3,9.7912E+12,74910,911,40
227,똥볶이 할멈 :K-히어로 판타지,글: 강효미 ;그림: 김무연,따끈따끈책방,2021,6,9.7912E+12,74810,813.7,40
255,위풍당당 여우 꼬리,손원평 글 ;만물상 그림,창비,2021,1,9.78894E+12,74810,813.7,39
255,그리스 로마 신화,"글: 박시연,정보글: 강대진",아울북(북이십일 아울북),2017,35,9.78895E+12,74800,219,39
255,그리스 로마 신화,"글: 박시연,정보글: 강대진",아울북(북이십일 아울북),2017,25,9.78895E+12,74800,219,39
255,그리스 로마 신화,"글: 박시연,정보글: 강대진",아울북(북이십일 아울북),2017,28,9.78895E+12,74800,219,39
255,Go go 카카오 프렌즈 :세계 역사 문화 체험 학습만화,글: 김미영 ;정보글: 최은하,아울북(북이십일 아울북),2018,3,9.78895E+12,74900,980.2,39
255,비밀요원 레너드,글: 박설연 ;그림: 김덕영,북이십일,2019,1,9.78895E+12,74810,813.7,39
255,비밀요원 레너드,글: 박설연 ;그림: 김덕영,아울북(북이십일 아울북),2022,14,9.78895E+12,74810,813.7,39
255,Go go 카카오 프렌즈 :세계 역사 문화 체험 학습만화,글: 김미영 ;정보글: 최은하,아울북(북이십일 아울북),2018,16,9.78895E+12,74900,980.2,39
255,버섯도리 버섯탐정 2 - 사건의 실체,"버섯도리 (원작), 박종은 (글), 주영휘 (그림), 샌드박스 네트워크 (감수)",키즈아이콘(아이코닉스),2024,2,9.78896E+12,,,39
255,수상한 이웃집 시노다,도미야스 요코 글 ;송지현 옮김,다산북스,2023,2,9.79113E+12,74830,833.6,39
255,놓지 마 과학!,"글·그림: 신태훈,나승훈",위즈덤하우스,2016,9,9.79116E+12,67400,408,39
255,에그박사 :Egg&bugs,원작: 에그박사 ;그림: 홍종현,미래엔,2020,9,9.79117E+12,77490,472,39
255,내일은 실험왕 :본격 대결 과학실험 만화 시즌2,글: 스토리 a. ;그림: 홍종현,미래엔,2021,29,9.79117E+12,77400,400,39
255,곤충보다 작아진 정브르 :생물 학습 만화,원작: 정브르 ;그림: 강신영,겜툰,2022,2,9.79117E+12,77490,491,39
255,민쩌미의 쩜그레,원작: 민쩌미 ;그림: 라임스튜디오,겜툰,2023,1,9.79117E+12,77800,810,39
255,민쩌미의 쩜그레,원작: 민쩌미 ;그림: 라임스튜디오,겜툰,2023,3,9.79117E+12,77800,810,39
255,타키포오 코믹 어드벤처,원작: 캐릭온TV ;그림: 김규태,대원씨아이,2023,5,9.79117E+12,77810,810,39
255,설민석의 세계사 대모험,"글: 설민석,그림: 박성일",단꿈아이,2019,15,9.79119E+12,77900,909,39
255,(설민석의) 우리 고전 대모험,"글: 설민석,그림: 강신영",Dankkum i(단꿈아이),2024,1,9.79119E+12,74810,813.5,39
255,설민석의 한국사 대모험,"글: 설민석,그림: 정현희",휴먼큐브,2017,4,9.7912E+12,74910,911,39
275,흔한남매 과학 탐험대 5 : 물리 1,"흔한남매 (원작), 이현진, 닥터 스코 (글), 김덕영 (그림), 김희목 (감수), 김희목, 정현철, 권경아, 최진수 (기획)",주니어김영사,2022,5,9.78893E+12,,,38
275,놓지 마 어휘 :한자어,"신태훈,나승훈 글·그림",김영사,2021,2,9.78893E+12,77700,714,38
275,푸른 사자 와니니 :이현 장편동화,지은이: 이현 ;그린이: 오윤화,창비,2015,305,9.78894E+12,73810,813.7,38
275,달콤 짭짤 코파츄 :다영 과학동화,지은이: 다영 ;그린이: 밤코,창비,2023,2,9.78894E+12,73400,400,38
275,비밀요원 레너드,글: 박설연 ;그림: 김덕영,아울북(북이십일 아울북),2022,13,9.78895E+12,74810,813.7,38
275,마법천자문 :손오공의 한자 대탐험,"저자: 스튜디오시리얼,정수영",아울북,2005,56,9.78895E+12,77720,711.4,38
275,비밀요원 레너드,글: 박설연 ;그림: 김덕영,아울북(북이십일 아울북),2022,15,9.78895E+12,74810,813.7,38
275,그리스 로마 신화,"글: 박시연,정보글: 강대진",아울북(북이십일 아울북),2017,23,9.78895E+12,74800,219,38
275,Go go 카카오 프렌즈 :세계 역사 문화 체험 학습만화,글: 김미영 ;정보글: 최은하,아울북(북이십일 아울북),2018,4,9.78895E+12,74900,980.2,38
275,Go go 카카오 프렌즈 :세계 역사 문화 체험 학습만화,글: 김미영 ;정보글: 최은하,아울북(북이십일 아울북),2018,13,9.78895E+12,74900,980.2,38
275,호랑이 빵집,글: 서지원 ;그림: 홍그림,지학사,2023,1,9.79116E+12,74810,813.7,38
275,"어느 날, 노비가 되었다","글: 지은지,그림: 유영근",지학사,2022,3,9.79116E+12,74810,813.7,38
275,호랑이 빵집,글: 서지원 ;그림: 홍그림,지학사,2023,3,9.79116E+12,74810,813.7,38
275,수상한 놀이공원 천옥원,글: 히로시마 레이코 ;옮긴이: 김정화,길벗스쿨,2023,,9.79116E+12,73830,833.6,38
275,에그박사 :Egg&bugs,원작: 에그박사 ;그림: 홍종현,미래엔,2020,5,9.79116E+12,77490,472,38
275,흔한남매 겨울밤 대소동 :흔한남매 스페셜 에디션 겨울 ,원작: 흔한남매 ;그림: 유난희,미래엔,2021,,9.79116E+12,77810,810,38
275,(비마이펫) 멍냥연구소 :온 세상 반려가족 필수 반려동물 교양만화,원작: 비마이펫 ;박지영,서울문화사,2021,3,9.79116E+12,77490,527.386,38
275,의사 어벤저스 :어린이 의학 동화,글: 고희정 ;그림: 조승연,가나문화콘텐츠,2021,9,9.79117E+12,74510,510,38
275,에그박사와 공룡 에그 ,원작: 에그박사 ;그림: 도니패밀리,미래엔,2023,,9.79117E+12,77490,457,38
275,웃소,원작: 웃소 ;그림: 박강호,미래엔,2021,9,9.79117E+12,77810,810,38
275,브레드이발소 =Bread barbershop,원작·그림: 몬스터스튜디오,한솔수북,2020,2,9.79117E+12,77810,813.7,38
275,SCP 재단 :확보하고 격리하고 보호하라,"저자: 올드스테어즈 편집부,Team. StoryG",Old Stairs,2021,9,9.79117E+12,77000,187,38
275,비밀요원 레너드,글: 박설연 ;그림: 김덕영,아울북(북이십일 아울북),2022,21,9.79117E+12,74810,813.7,38
275,토깽이네 경제 오락실,원작: 토깽이네 ;그림: 유희석,위즈덤하우스,2023,1,9.79117E+12,77320,320,38
275,빨간내복야코 맞춤법 절대 안 틀리는 책,빨간내복야코 원작 ;이영아 그림,위즈덤하우스,2024,1,9.79117E+12,73710,711,38
275,에그박사 :Egg&bugs,원작: 에그박사 ;그림: 홍종현,미래엔,2020,14,9.79117E+12,77490,472,38
275,이상한 무인 아이스크림 가게 ,서아람 글 ;안병현 그림,라곰스쿨,2023,,9.79119E+12,73810,813.7,38
275,(백종원의) 도전 요리왕 :음식으로 맛보는 세계 역사 문화 체험 ,"글: 백종원,그림: 이정태",위즈덤하우스 미디어그룹,2019,7,9.79119E+12,74900,594,38
275,빨간내복야코,원작: 빨간내복야코 ;글·그림: 서후,샌드박스네트워크,2023,2,9.79119E+12,74810,810,38
275,설민석의 세계사 대모험,"글: 설민석,그림: 박성일",단꿈아이,2019,18,9.79119E+12,77900,909,38
275,급식왕 go,원작: 급식왕 ;그림: 구은미,샌드박스네트워크,2022,7,9.7912E+12,74810,810,38
306,말이야와 친구들 =Mari and friends,원작: 말이야와 친구들 ;그림: 이혜림,주니어김영사,2021,1,9.78893E+12,77810,813.7,37
306,(흔한 남매) 세계사 탐험대,"원작: 흔한남매,그림: 팀키즈",김영사,2024,1,9.78893E+12,77900,909,37
306,푸른 사자 와니니 :이현 장편동화,지은이: 이현 ;그린이: 오윤화,창비,2015,280,9.78894E+12,73810,813.7,37
306,Go go 카카오프렌즈 :자연탐사,글: 조주희 ;이혜림,아울북(북이십일 아울북),2022,1,9.78895E+12,74400,472,37
306,그리스 로마 신화,"글: 박시연,정보글: 강대진",아울북(북이십일 아울북),2017,13,9.78895E+12,74800,219,37
306,정재승의 인류 탐험 보고서,"글: 차유진,그림: 김현민",아울북(북이십일 아울북),2021,9,9.78895E+12,74400,471,37
306,긴긴밤 ,루리 글·그림,문학동네,2021,,9.78895E+12,73810,813.7,37
306,별의 커비 :푸푸푸 히어로,"만화: 아오키 케이,번역: 김지영",다산북스,2023,1,9.79113E+12,77830,830,37
306,온 더 볼 =On the ball,성완 글 ;돌만 그림,다산북스,2023,4,9.79113E+12,74810,813.7,37
306,(이상한 과자 가게) 전천당,히로시마 레이코 글 ;김정화 옮김,길벗스쿨,2019,19,9.79116E+12,73830,833.6,37
306,에그박사의 채집 일기 :스티커로 채집하는 자연 생물 관찰 만화,원작: 에그박사 ;그림: 홍종현,Mirae N 아이세움,2021,1,9.79116E+12,77490,472,37
306,정브르의 파충류일기 - 생생체험 자연관찰,"정브르 (지은이), 샌드박스 네트워크 (감수)",서울문화사,2022,,9.79116E+12,,,37
306,의사 어벤저스 :어린이 의학 동화,글: 고희정 ;그림: 조승연,가나문화콘텐츠,2021,8,9.79117E+12,74510,510,37
306,의사 어벤저스 :어린이 의학 동화,글: 고희정 ;그림: 조승연,가나문화콘텐츠,2021,18,9.79117E+12,74510,510,37
306,흔한남매 수수께끼 어드벤처 3,"흔한남매 (원작), 노지영 (글), 도니패밀리 (그림), 흔한컴퍼니, 정재형 (감수)",미래엔아이세움,2023,3,9.79117E+12,,,37
306,(처음 읽는) 그리스 로마 신화 =First Greek mythology,글: 최설희 ;그림: 한현동,미래엔,2020,12,9.79117E+12,77890,219,37
306,파뿌리24 15,"파뿌리 (원작), 백승하 (글), 이정태 (그림), 샌드박스 네트워크 (감수)",겜툰,2023,15,9.79117E+12,,,37
306,코믹 메이플 스토리 수학도둑 96 - 국내 최초 수학논술만화,"송도수 (지은이), 서정 엔터테인먼트 (그림), 여운방 (감수)",서울문화사,2023,96,9.79117E+12,,,37
306,물리박사 김상욱의 수상한 연구실 :어린이를 위한 세상의 모든 과학,글: 김하연 ;그림: 정순규,아울북(북이십일 아울북),2023,1,9.79117E+12,74400,420,37
306,설민석의 세계사 대모험,"글: 설민석,그림: 박성일",단꿈아이,2019,22,9.79119E+12,77900,909,37
306,설민석의 한국사 대모험,"글: 설민석,그림: 정현희",Dankkum i(단꿈아이),2022,30,9.79119E+12,74910,911,37
306,채사장의 지대넓얕 :지적 대화를 위한 넓고 얕은 지식,"글: 채사장,그림: 정용환",Dolphin Books(돌핀북),2021,9,9.79119E+12,74900,1,37
306,설민석의 한국사 대모험,"글: 설민석,그림: 정현희",Dankkum i(단꿈아이),2022,24,9.7912E+12,74910,911,37
329,말이야와 친구들 =Mari and friends,원작: 말이야와 친구들 ;그림: 이혜림,주니어김영사,2021,6,9.78893E+12,77810,813.7,36
329,놓지 마 어휘 :한자어,"신태훈,나승훈 글·그림",김영사,2021,1,9.78893E+12,77700,714,36
329,아홉 살 마음 사전 ,박성우 글 ;김효은 그림,창비,2017,,9.78894E+12,73710,181,36
329,Go go 카카오 프렌즈 :세계 역사 문화 체험 학습만화,글: 김미영 ;정보글: 최은하,아울북(북이십일 아울북),2018,5,9.78895E+12,74900,980.2,36
329,비밀요원 레너드,글: 박설연 ;그림: 김덕영,북이십일,2019,5,9.78895E+12,74810,813.7,36
329,Go go 카카오 프렌즈 :세계 역사 문화 체험 학습만화,글: 김미영 ;정보글: 최은하,아울북(북이십일 아울북),2018,11,9.78895E+12,74900,980.2,36
329,정재승의 인류 탐험 보고서,"글: 차유진,그림: 김현민",아울북(북이십일 아울북),2021,1,9.78895E+12,74400,471,36
329,의사 어벤저스 :어린이 의학 동화,글: 고희정 ;그림: 조승연,가나문화콘텐츠,2021,4,9.78896E+12,74510,510,36
329,백만 유튜버 구드래곤 ,박현숙 글 ;이경석 그림,다산북스,2024,5,9.79113E+12,74810,813.7,36
329,우리들의 MBTI 4 : 학습 유형 - 나의 성격을 이해하고 더 멋진 내가 되는,조수연,다산어린이,2023,4,9.79113E+12,,,36
329,(전설의 모험왕) 엉덩이 댄디 :the young,원작·감수: 트롤 ;옮긴이: 김정화,미래엔,2021,2,9.79116E+12,77830,830,36
329,설민석의 한국사 대모험,"글: 설민석,그림: 정현희",휴먼큐브,2017,19,9.79117E+12,74910,911,36
329,(시원하게 도와주는) 북극곰 센터 ,황지영 글 ;박소연 그림,인플루엔셜,2024,,9.79117E+12,74810,813.7,36
329,파뿌리24 17,"파뿌리 (원작), 백승하 (글), 이정태 (그림), 샌드박스네트워크 (감수)",겜툰,2024,17,9.79117E+12,,,36
329,SCP 재단 :확보하고 격리하고 보호하라,"저자: 올드스테어즈 편집부,Team. StoryG",Old Stairs,2021,8,9.79117E+12,77000,187,36
329,Go go 카카오프렌즈 :자연탐사,글: 조주희 ;이혜림,아울북(북이십일 아울북),2022,5,9.79117E+12,74400,472,36
329,(비밀요원 레너드) 우리말 사무소 :초등 필수 어휘,글: 이향안 ;그림: 라임스튜디오,아울북(북이십일 아울북),2024,1,9.79117E+12,74810,710,36
329,(백종원의) 도전 요리왕 :음식으로 맛보는 세계 역사 문화 체험 ,"글: 백종원,그림: 이정태",위즈덤하우스 미디어그룹,2019,6,9.79119E+12,74900,594,36
329,SCP 재단 :확보하고 격리하고 보호하라,"저자: 올드스테어즈 편집부,Team. StoryG",Old Stairs,2021,4,9.79119E+12,77000,187,36
329,설민석의 삼국지 대모험,원작: 나관중 ;만화: 스튜디오 담,Dankkum i(단꿈아이),2021,2,9.79119E+12,77820,823.5,36
329,민쩌미,원작: 민쩌미 ;권수영,샌드박스네트워크,2022,2,9.79119E+12,74810,810,36
329,설민석의 삼국지 대모험,원작: 나관중 ;만화: 스튜디오 담,Dankkum i(단꿈아이),2021,16,9.79119E+12,77820,823.5,36
351,인싸가족 vs 인싸스쿨 :핵인싸 코믹 가족 시트콤,원작: 인싸가족 ;채색: 김란희,예림당,2022,1,9.78893E+12,74800,31,35
351,말이야와 친구들 =Mari and friends,원작: 말이야와 친구들 ;그림: 이혜림,주니어김영사,2021,2,9.78893E+12,77810,813.7,35
351,내 멋대로 반려동물 뽑기 ,최은옥 글 ;김무연 그림,김영사,2020,,9.78893E+12,73810,813.7,35
351,위풍당당 여우 꼬리,손원평 글 ;만물상 그림,창비,2021,2,9.78894E+12,74810,813.7,35
351,언제나 다정 죽집 ,우신영 글 ;서영 그림,비룡소,2024,113,9.78895E+12,74800,813.7,35
351,마법천자문 :손오공의 한자 대탐험,"저자: 스튜디오시리얼,정수영",아울북,2005,53,9.78895E+12,77720,711.4,35
351,그리스 로마 신화,"글: 박시연,정보글: 강대진",아울북(북이십일 아울북),2017,31,9.78895E+12,74800,219,35
351,마법천자문 :손오공의 한자 대탐험,"저자: 스튜디오시리얼,정수영",아울북,2005,55,9.78895E+12,77720,711.4,35
351,Go go 카카오 프렌즈 :세계 역사 문화 체험 학습만화,글: 김미영 ;정보글: 최은하,아울북(북이십일 아울북),2018,9,9.78895E+12,74900,980.2,35
351,(정재승의) 인간 탐구 보고서,"글: 정재은,특대호 원고: 오경은",아울북(북이십일 아울북),2019,9,9.78895E+12,74400,511,35
351,Go go 카카오프렌즈 :자연탐사,글: 조주희 ;이혜림,아울북(북이십일 아울북),2022,2,9.78895E+12,74400,472,35
351,Go go 카카오 프렌즈 :세계 역사 문화 체험 학습만화,글: 김미영 ;정보글: 최은하,아울북(북이십일 아울북),2018,18,9.78895E+12,74900,980.2,35
351,낭만 강아지 봉봉,홍민정 글 ;김무연 그림,다산북스,2022,4,9.79113E+12,74810,813.7,35
351,천재 의사 시건방 :슈퍼 초능력 판타지,글: 강효미 ;그림: 유영근,머스트비,2024,1,9.79116E+12,74810,813.7,35
351,(전설의 모험왕) 엉덩이 댄디 :the young,원작·감수: 트롤 ;옮긴이: 김정화,미래엔,2021,1,9.79116E+12,77830,830,35
351,고민을 들어줘 닥터 별냥,이지음 글 ;문채빈 그림,꿈터,2023,1,9.79117E+12,74810,813.7,35
351,의사 어벤저스 :어린이 의학 동화,글: 고희정 ;그림: 조승연,가나문화콘텐츠,2021,14,9.79117E+12,74510,510,35
351,토깽이네 지구 구출 대작전,원작: 토깽이네 ;그림: 양선모,위즈덤하우스,2023,7,9.79117E+12,77470,539,35
351,변비 탐정 실룩,이나영 글 ;박소연 그림,인플루엔셜,2023,2,9.79117E+12,74810,813.7,35
351,(전설의 모험왕) 엉덩이 댄디 :the young,원작·감수: 트롤 ;옮긴이: 김정화,미래엔,2021,3,9.79117E+12,77830,830,35
351,코믹 메이플 스토리 수학도둑 99 - 국내 최초 수학논술만화,"송도수 (지은이), 서정 엔터테인먼트 (그림), 여운방 (감수)",서울문화사,2024,99,9.79117E+12,,,35
351,물리박사 김상욱의 수상한 연구실 :어린이를 위한 세상의 모든 과학,글: 김하연 ;그림: 정순규,아울북(북이십일 아울북),2023,3,9.79117E+12,74400,420,35
351,비밀요원 레너드,글: 박설연 ;그림: 김덕영,아울북(북이십일 아울북),2022,17,9.79117E+12,74810,813.7,35
351,(비밀요원 레너드) 추억의 놀이 대작전,글: 한리라 ;그림: 퍼니툰,아울북(북이십일 아울북),2024,1,9.79117E+12,74810,813.7,35
351,Go go 카카오 프렌즈 :세계 역사 문화 체험 학습만화,글: 김미영 ;정보글: 최은하,아울북(북이십일 아울북),2018,31,9.79117E+12,74900,980.2,35
351,무적 이순신,"글: 박지연,그림: 정수영",아울북(북이십일 아울북),2023,2,9.79117E+12,77990,998.3,35
351,(비밀요원 레너드) 우리말 사무소 :초등 필수 어휘,글: 이향안 ;그림: 라임스튜디오,아울북(북이십일 아울북),2024,2,9.79117E+12,74810,710,35
351,마법천자문 :손오공의 한자 대탐험,"저자: 스튜디오시리얼,정수영",아울북,2005,64,9.79117E+12,77720,711.4,35
351,빨간내복야코 맞춤법 절대 안 틀리는 책,빨간내복야코 원작 ;이영아 그림,위즈덤하우스,2024,2,9.79117E+12,73710,711,35
351,(타키·포오의) 이세계 여행사,원작: 캐릭온TV ;그림: 이지운,대원키즈,2023,6,9.79117E+12,77810,810,35
351,설민석의 세계사 대모험,"글: 설민석,그림: 박성일",단꿈아이,2019,9,9.79119E+12,77900,909,35
351,설민석의 한국사 대모험,"글: 설민석,그림: 정현희",Dankkum i(단꿈아이),2022,22,9.79119E+12,74910,911,35
351,설민석의 세계사 대모험,"글: 설민석,그림: 박성일",단꿈아이,2019,14,9.79119E+12,77900,909,35
351,채사장의 지대넓얕 :지적 대화를 위한 넓고 얕은 지식,"글: 채사장,그림: 정용환",Dolphin Books(돌핀북),2021,11,9.79119E+12,74900,1,35
351,설민석의 한국사 대모험,"글: 설민석,그림: 정현희",휴먼큐브,2017,1,9.7912E+12,74910,911,35
351,급식왕 GO 6,"급식왕 (지은이), 최재연 (글), 서후, 구은미 (그림), 박병규 (감수)",샌드박스스토리 키즈,2022,6,9.7912E+12,,,35
351,설민석의 세계사 대모험,"글: 설민석,그림: 박성일",단꿈아이,2019,16,9.7912E+12,77900,909,35
388,메멘과 모리 ,요시타케 신스케 글·그림 ;권남희 옮김,김영사,2024,,9.78893E+12,77830,833.6,34
388,김영하의 세계문학 원정대,기획 및 해설: 김영하 ;정보 글: 김지혜,김영사,2023,2,9.78893E+12,77800,809,34
388,놓지 마 속담 1 - 일상생활,"신태훈 (지은이), 나승훈 (그림), 정상은 (감수)",주니어김영사,2023,1,9.78893E+12,,,34
388,흔한남매 과학 탐험대 6 : 물리 2,"흔한남매 (원작), 이현진, 닥터 스코 (글), 김덕영 (그림), 김희목 (감수), 김희목, 정현철, 권경아, 최진수 (기획)",주니어김영사,2022,6,9.78893E+12,,,34
388,달콤 짭짤 코파츄 :다영 과학동화,지은이: 다영 ;그린이: 밤코,창비,2023,1,9.78894E+12,73400,400,34
388,위풍당당 여우 꼬리,손원평 글 ;만물상 그림,창비,2021,6,9.78894E+12,73810,813.7,34
388,Go go 카카오 프렌즈 :세계 역사 문화 체험 학습만화,글: 김미영 ;정보글: 최은하,아울북(북이십일 아울북),2018,24,9.78895E+12,74900,980.2,34
388,(정재승의) 인간 탐구 보고서,"글: 정재은,특대호 원고: 오경은",아울북(북이십일 아울북),2019,14,9.78895E+12,74400,511,34
388,Go go 카카오 프렌즈 :세계 역사 문화 체험 학습만화,글: 김미영 ;정보글: 최은하,아울북(북이십일 아울북),2018,21,9.78895E+12,74900,980.2,34
388,별이 빛나는 고양이 마을 - 고양이와 스프,"히요 (지은이), 고양이와 스프 (원작), 루체 (그림)",다산어린이,2023,,9.79113E+12,,,34
388,수상한 이웃집 시노다,도미야스 요코 글 ;송지현 옮김,다산북스,2023,6,9.79113E+12,74830,833.6,34
388,후덜덜 식당 ,글: 강효미 ;그림: 유영근,지학사,2023,1,9.79116E+12,74810,813.7,34
388,후덜덜 식당 ,글: 강효미 ;그림: 유영근,지학사,2023,3,9.79116E+12,74810,813.7,34
388,에그박사 :Egg&bugs,원작: 에그박사 ;그림: 홍종현,미래엔,2020,6,9.79117E+12,77490,472,34
388,(전설의 모험왕) 엉덩이 댄디 :the young,원작·감수: 트롤 ;옮긴이: 김정화,미래엔,2021,6,9.79117E+12,77830,830,34
388,해수면 상승에서 살아남기,글: 곰돌이co. ;그림: 한현동,미래엔,2023,64,9.79117E+12,77470,539,34
388,(이진우 기자의) 몬말리는 경제 모험 :어린이를 위한 사회탐구 프로젝트,"글: 글몬,그림: 지문",아울북(북이십일 아울북),2023,1,9.79117E+12,74300,320,34
388,물리박사 김상욱의 수상한 연구실 :어린이를 위한 세상의 모든 과학,글: 김하연 ;그림: 정순규,아울북(북이십일 아울북),2023,4,9.79117E+12,74400,420,34
388,Go go 카카오 프렌즈 :세계 역사 문화 체험 학습만화,글: 김미영 ;정보글: 최은하,아울북(북이십일 아울북),2018,30,9.79117E+12,74900,980.2,34
388,Go go 카카오 프렌즈 :세계 역사 문화 체험 학습만화,글: 김미영 ;정보글: 최은하,아울북(북이십일 아울북),2018,34,9.79117E+12,74900,980.2,34
388,(흔한남매) 수수께끼 어드벤처 :수수께끼로 배우는 교과 지식,원작: 흔한남매 ;그림: 도니패밀리,미래엔,2022,5,9.79117E+12,77030,388,34
388,설민석의 한국사 대모험,"글: 설민석,그림: 정현희",휴먼큐브,2017,10,9.79119E+12,74910,911,34
388,백앤아 :교양이 층층 쌓이는 점프 맵,원작: 백앤아 ;그림: 돌만,샌드박스네트워크,2023,8,9.79119E+12,77810,31,34
411,놓지 마 맞춤법,"신태훈,나승훈 글·그림",김영사,2023,3,9.78893E+12,77700,711,33
411,혹시나 세탁소,이은재 글 ;고형주 그림,김영사,2024,1,9.78893E+12,73810,813.7,33
411,김영하의 세계문학 원정대,기획 및 해설: 김영하 ;정보 글: 김지혜,김영사,2023,1,9.78893E+12,77800,809,33
411,Go go 카카오 프렌즈 :세계 역사 문화 체험 학습만화,글: 김미영 ;정보글: 최은하,아울북(북이십일 아울북),2018,25,9.78895E+12,74900,980.2,33
411,(권일용 프로파일러의) 사라진 셜록 홈즈,글: 한주이 ;원작: 아서 코난 도일,아울북(북이십일 아울북),2023,2,9.78895E+12,74810,813.7,33
411,(정재승의) 인간 탐구 보고서,"글: 정재은,특대호 원고: 오경은",아울북(북이십일 아울북),2019,11,9.78895E+12,74400,511,33
411,(정재승의) 인간 탐구 보고서,"글: 정재은,특대호 원고: 오경은",아울북(북이십일 아울북),2019,13,9.78895E+12,74400,511,33
411,Go go 카카오 프렌즈 :세계 역사 문화 체험 학습만화,글: 김미영 ;정보글: 최은하,아울북(북이십일 아울북),2018,1,9.78895E+12,74900,980.2,33
411,(정재승의) 인간 탐구 보고서,"글: 정재은,특대호 원고: 오경은",아울북(북이십일 아울북),2019,10,9.78895E+12,74400,511,33
411,긴긴밤 ,루리 글·그림,문학동네,2021,83,9.78895E+12,73810,813.7,33
411,(빈대 가족의) 놀면 뭐 하니? :대한민국 공식 짠돌이 빈대 가족에게 배우는 경제 지혜 ,글: 스토리박스 ;그림: 류수형,재미북스,2021,38,9.78896E+12,77320,320,33
411,(버섯도리) 버섯탐정,원작: 버섯도리 ;그림: 주영휘,Iconix(아이코닉스),2023,1,9.78896E+12,77810,691,33
411,축구 감독 구드래곤 ,박현숙 글 ;이경석 그림,다산북스,2023,4,9.79113E+12,74810,813.7,33
411,낭만 강아지 봉봉,홍민정 글 ;김무연 그림,다산북스,2022,3,9.79113E+12,74810,813.7,33
411,흔한남매 흔한 MBTI - 믿거나 말거나 나에게 어울리는 직업,"김승자, 정미화 (지은이), 흔한남매 (원작), 투윙스, 유영근 (그림), 흔한컴퍼니 (감수)",대원키즈,2021,,9.79114E+12,,,33
411,(이상한 과자 가게) 전천당,히로시마 레이코 글 ;김정화 옮김,길벗스쿨,2019,3,9.79116E+12,74830,833.6,33
411,(이상한 과자 가게) 전천당,히로시마 레이코 글 ;김정화 옮김,길벗스쿨,2019,18,9.79116E+12,73830,833.6,33
411,내일은 실험왕 :본격 대결 과학실험 만화,"글: 곰돌이 co. ,그림: 홍종현",미래엔,2011,50,9.79116E+12,77400,400,33
411,놓지 마 과학!,"글, 그림: 신태훈,나승훈",위즈덤하우스,2020,10,9.79117E+12,67400,408,33
411,토깽이네 지구 구출 대작전,원작: 토깽이네 ;그림: 양선모,위즈덤하우스,2021,5,9.79117E+12,77470,539,33
411,내일은 발명왕 :본격 대결 과학발명 만화,글: 곰돌이 co. ;그림: 홍종현,Mirae N 아이세움,2011,39,9.79117E+12,77400,507.5,33
411,웃소,원작: 웃소 ;그림: 박강호,미래엔,2021,10,9.79117E+12,77810,810,33
411,쿠키런 킹덤 18 : 폭풍 전야의 쿠키 대륙,"김강현 (지은이), 김기수 (그림)",서울문화사,2024,18,9.79117E+12,,,33
411,(비마이펫) 멍냥연구소 :온 세상 반려가족 필수 반려동물 교양만화,원작: 비마이펫 ;박지영,서울문화사,2021,5,9.79117E+12,74490,527.386,33
411,코믹 메이플 스토리 수학도둑 97 - 국내 최초 수학논술만화,"송도수 (지은이), 서정 엔터테인먼트 (그림), 여운방 (감수)",서울문화사,2023,97,9.79117E+12,,,33
411,타키포오 코믹 어드벤처,원작: 캐릭온TV ;그림: 김규태,대원씨아이,2023,3,9.79117E+12,77810,810,33
411,Go go 카카오프렌즈 :자연탐사,글: 조주희 ;이혜림,아울북(북이십일 아울북),2022,8,9.79117E+12,74400,472,33
411,Go go 카카오프렌즈 :자연탐사,글: 조주희 ;이혜림,아울북(북이십일 아울북),2022,9,9.79117E+12,74400,472,33
411,(타키·포오의) 이세계 여행사,원작: 캐릭온TV ;그림: 이지운,대원키즈,2023,4,9.79117E+12,77810,810,33
411,천하무적 개냥이 수사대 :시즌2,이승민 글 ;윤태규 그림,위즈덤하우스,2023,22,9.79117E+12,74810,813.7,33
411,이상한 무인 문구점 ,서아람 글 ;안병현 그림,라곰스쿨,2023,2,9.79119E+12,77810,813.7,33
411,설민석의 삼국지 대모험,원작: 나관중 ;만화: 스튜디오 담,Dankkum i(단꿈아이),2021,4,9.79119E+12,77820,823.5,33
411,설민석의 삼국지 대모험,원작: 나관중 ;만화: 스튜디오 담,Dankkum i(단꿈아이),2021,7,9.79119E+12,77820,823.5,33
411,(설민석의) 우리 고전 대모험,"글: 설민석,그림: 강신영",Dankkum i(단꿈아이),2024,3,9.79119E+12,74810,813.5,33
411,설민석의 삼국지 대모험,원작: 나관중 ;만화: 스튜디오 담,Dankkum i(단꿈아이),2021,1,9.7912E+12,77820,823.5,33
446,내 멋대로 아빠 뽑기 ,최은옥 글 ;김무연 그림,김영사,2017,,9.78893E+12,73810,813.7,32
446,내 인생 최악의 일주일,"지은이: 이바 아모리스,옮긴이: 김영진",비룡소,2024,1,9.78895E+12,74800,843,32
446,그리스 로마 신화,"글: 박시연,정보글: 강대진",아울북(북이십일 아울북),2017,2,9.78895E+12,74800,219,32
446,Go go 카카오 프렌즈 :세계 역사 문화 체험 학습만화,글: 김미영 ;정보글: 최은하,아울북(북이십일 아울북),2018,8,9.78895E+12,74900,980.2,32
446,Go go 카카오 프렌즈 :세계 역사 문화 체험 학습만화,글: 김미영 ;정보글: 최은하,아울북(북이십일 아울북),2018,17,9.78895E+12,74900,980.2,32
446,Go go 카카오 프렌즈 :세계 역사 문화 체험 학습만화,글: 김미영 ;정보글: 최은하,아울북(북이십일 아울북),2018,22,9.78895E+12,74900,980.2,32
446,놓지 마 과학!,"글·그림: 신태훈,나승훈",위즈덤하우스,2016,1,9.78896E+12,67400,408,32
446,별의 커비 :푸푸푸 히어로,"만화: 아오키 케이,번역: 김지영",다산북스,2023,2,9.79113E+12,77830,830,32
446,온 더 볼 =On the ball,성완 글 ;돌만 그림,다산북스,2023,3,9.79113E+12,74810,813.7,32
446,별이 빛나는 고양이 마을 2 : 아기 고양이를 부탁해!,"히요 (지은이), 고양이와 스프 (원작), 루체 (그림)",다산어린이,2024,2,9.79113E+12,,,32
446,온 더 볼 =On the ball,성완 글 ;돌만 그림,다산북스,2023,1,9.79113E+12,74810,813.7,32
446,온 더 볼 =On the ball,성완 글 ;돌만 그림,다산북스,2023,2,9.79113E+12,74810,813.7,32
446,쌍둥이 탐정 똥똥구리,글: 류미원 ;그림: 이경석,초록개구리,2022,1,9.79116E+12,74810,813.7,32
446,"어느 날, 노비가 되었다","글: 지은지,그림: 유영근",지학사,2022,1,9.79116E+12,74810,813.7,32
446,기묘한 모모 한약방,히로시마 레이코 글 ;김난주 옮김,미래엔,2021,1,9.79116E+12,74830,833.6,32
446,설민석의 한국사 대모험,"글: 설민석,그림: 정현희",휴먼큐브,2017,17,9.79117E+12,74910,911,32
446,백 번 산 고양이 백꼬선생,정연철 글 ;오승민 그림,우리학교,2022,4,9.79117E+12,73810,813.7,32
446,의사 어벤저스 :어린이 의학 동화,글: 고희정 ;그림: 조승연,가나문화콘텐츠,2021,10,9.79117E+12,74510,510,32
446,의사 어벤저스 :어린이 의학 동화,글: 고희정 ;그림: 조승연,가나문화콘텐츠,2021,11,9.79117E+12,74510,510,32
446,귀귀당 :귀하고 귀한 단맛,글: 박현숙 ;그림: 신소현,인플루엔셜,2024,1,9.79117E+12,74810,813.7,32
446,내일은 발명왕 :본격 대결 과학발명 만화,글: 곰돌이 co. ;그림: 홍종현,Mirae N 아이세움,2011,36,9.79117E+12,77400,507.5,32
446,(전설의 모험왕) 엉덩이 댄디 :the young,원작·감수: 트롤 ;옮긴이: 김정화,미래엔,2021,5,9.79117E+12,77830,830,32
446,(처음 읽는) 그리스 로마 신화 =First Greek mythology,글: 최설희 ;그림: 한현동,미래엔,2020,11,9.79117E+12,77890,219,32
446,환생학교 요괴반 :웃소의 판타지 미션 코믹북,원작: 웃소 ;그림: 파키나미,미래엔,2023,3,9.79117E+12,77810,810,32
446,해수면 상승에서 살아남기,글: 곰돌이co. ;그림: 한현동,미래엔,2023,65,9.79117E+12,77470,539,32
446,내일은 발명왕 :본격 대결 과학발명 만화,글: 곰돌이 co. ;그림: 홍종현,Mirae N 아이세움,2011,42,9.79117E+12,77400,507.5,32
446,민쩌미의 쩜그레,원작: 민쩌미 ;그림: 라임스튜디오,겜툰,2023,2,9.79117E+12,77800,810,32
446,곤충보다 작아진 정브르 :생물 학습 만화,원작: 정브르 ;그림: 강신영,겜툰,2022,6,9.79117E+12,77490,491,32
446,민쩌미의 쩜그레 7,"배아이 (지은이), 민쩌미 (원작), 라임스튜디오 (그림), 샌드박스네트워크 (감수)",겜툰,2024,7,9.79117E+12,,,32
446,비마이펫 멍냥연구소 4,"비마이펫 (원작), 최진규 (만화)",서울문화사,2022,4,9.79117E+12,,,32
446,왔구마 :고구마구마,"글: 조주희,이두희",킨더랜드,2023,5,9.79117E+12,74810,813.7,32
446,무적 이순신,"글: 박지연,그림: 정수영",아울북(북이십일 아울북),2023,1,9.79117E+12,77990,998.3,32
446,비밀요원 레너드 과학X파일,글: 김정욱 ;정보 글: 서원호,아울북(북이십일 아울북),2023,1,9.79117E+12,77400,400,32
446,Go go 카카오 프렌즈 :세계 역사 문화 체험 학습만화,글: 김미영 ;정보글: 최은하,아울북(북이십일 아울북),2018,33,9.79117E+12,74900,980.2,32
446,타키포오 코믹 어드벤처,원작: 캐릭온TV ;그림: 김규태,대원씨아이,2024,4,9.79117E+12,77810,810,32
446,타키 포오의 코믹 어드벤처 6 - 캐릭온TV 오리지널 코믹스,"캐릭온TV (원작), 안도감 (글), 김규태 (그림)",대원키즈,2024,6,9.79117E+12,,,32
446,이상한 무인 편의점 ,서아람 글 ;안병현 그림,라곰스쿨,2024,3,9.79119E+12,77810,813.7,32
446,(백종원의) 도전 요리왕 :음식으로 맛보는 세계 역사 문화 체험 ,"글: 백종원,그림: 이정태",위즈덤하우스 미디어그룹,2019,1,9.79119E+12,74900,594,32
446,SCP 재단 :확보하고 격리하고 보호하라,"저자: 올드스테어즈 편집부,Team. StoryG",Old Stairs,2021,2,9.79119E+12,77000,187,32
446,설민석의 세계사 대모험,"글: 설민석,그림: 박성일",단꿈아이,2019,13,9.79119E+12,77900,909,32
446,설민석의 삼국지 대모험,원작: 나관중 ;만화: 스튜디오 담,Dankkum i(단꿈아이),2021,3,9.79119E+12,77820,823.5,32
446,설민석의 한국사 대모험,"글: 설민석,그림: 정현희",Dankkum i(단꿈아이),2022,31,9.79119E+12,74910,911,32
446,채사장의 지대넓얕 :지적 대화를 위한 넓고 얕은 지식,"글: 채사장,그림: 정용환",Dolphin Books(돌핀북),2021,8,9.79119E+12,74900,1,32
446,설민석의 세계사 대모험,"글: 설민석,그림: 박성일",단꿈아이,2019,4,9.7912E+12,77900,909,32
446,설민석의 세계사 대모험,"글: 설민석,그림: 박성일",단꿈아이,2019,6,9.7912E+12,77900,909,32
491,에그박사의 역대급 사파리 :충격 주의! 별/별/능/력 생물도감 ,에그박사 원작 ;유남영 그림,다락원,2024,,9.78893E+12,73490,491,31
491,(내 멋대로) 친구 뽑기 ,최은옥 글 ;김무연 그림,김영사,2016,,9.78893E+12,73810,813.7,31
491,달콤 짭짤 코파츄 :다영 과학동화,지은이: 다영 ;그린이: 밤코,창비,2023,3,9.78894E+12,73400,400,31
491,팥빙수 눈사람 펑펑 :나은 동화,지은이: 나은 ;그린이: 보람,창비,2024,1,9.78894E+12,73810,813.7,31
491,내 인생 최악의 일주일,"지은이: 이바 아모리스,옮긴이: 김영진",비룡소,2024,2,9.78895E+12,74800,843,31
491,그리스 로마 신화,"글: 박시연,정보글: 강대진",아울북(북이십일 아울북),2017,39,9.78895E+12,74800,219,31
491,벌거벗은 한국사 :초등학생이 꼭 알아야 할 필수 한국사,"글: 윤진숙,그림: 이효실",아울북(북이십일 아울북),2023,1,9.78895E+12,74910,911,31
491,그리스 로마 신화,"글: 박시연,정보글: 강대진",아울북(북이십일 아울북),2017,5,9.78895E+12,74800,219,31
491,그리스 로마 신화,"글: 박시연,정보글: 강대진",아울북(북이십일 아울북),2017,21,9.78895E+12,74800,219,31
491,그리스 로마 신화,"글: 박시연,정보글: 강대진",아울북(북이십일 아울북),2017,24,9.78895E+12,74800,219,31
491,그리스 로마 신화,"글: 박시연,정보글: 강대진",아울북(북이십일 아울북),2017,27,9.78895E+12,74800,219,31
491,Go go 카카오 프렌즈 :세계 역사 문화 체험 학습만화,글: 김미영 ;정보글: 최은하,아울북(북이십일 아울북),2018,14,9.78895E+12,74900,980.2,31
491,비밀요원 레너드,글: 박설연 ;그림: 김덕영,북이십일,2019,9,9.78895E+12,74810,813.7,31
491,비밀요원 레너드,글: 박설연 ;그림: 김덕영,아울북(북이십일 아울북),2022,10,9.78895E+12,74810,813.7,31
491,정재승의 인류 탐험 보고서,"글: 차유진,그림: 김현민",아울북(북이십일 아울북),2021,2,9.78895E+12,74400,471,31
491,어쩔뚱땡! 고구마머리TV :호기심·상상력이 숙쑥 자라나는 과학학습만화,글: 서동건 ;이정태,아울북(북이십일 아울북),2021,3,9.78895E+12,74400,400,31
491,5번 레인 ,은소홀 글 ;노인경 그림,문학동네,2020,82,9.78895E+12,73810,813.7,31
491,수학 탐정스,조인하 글 ;조승연 그림,미래엔,2018,1,9.79116E+12,74410,410,31
491,비밀의 보석 가게 마석관,히로시마 레이코 글 ;김정화 옮김,길벗스쿨,2020,1,9.79116E+12,74830,833.6,31
491,내일은 발명왕 :본격 대결 과학발명 만화,글: 곰돌이 co. ;그림: 홍종현,Mirae N 아이세움,2011,29,9.79116E+12,77400,507.5,31
491,(설민석의) 만만 한국사 :재미 만점★효과 만점★한국사 만화 ,"글: 설민석,그림: 김덕영",미래엔,2020,5,9.79116E+12,77910,911,31
491,쿠키런 킹덤,글: 김강현 ;그림: 김기수,서울문화사,2021,2,9.79116E+12,64380,810,31
491,달러구트 꿈 백화점 :주문하신 꿈은 매진입니다 ,지은이: 이미예,팩토리나인,2020,,9.79117E+12,3810,813.7,31
491,설민석의 한국사 대모험,"글: 설민석,그림: 정현희",휴먼큐브,2017,14,9.79117E+12,74910,911,31
491,오백 년째 열다섯 :김혜정 장편소설 ,글: 김혜정,위즈덤하우스,2022,,9.79117E+12,43810,813.7,31
491,천하무적 개냥이 수사대 :시즌2,이승민 글 ;윤태규 그림,위즈덤하우스,2023,21,9.79117E+12,74810,813.7,31
491,(김민형 교수의) 수학 추리 탐험대 :초등학생을 위한 이야기 수학,글: 김태호 ;그림: 홍승우,인플루엔셜,2024,1,9.79117E+12,74410,410,31
491,내일은 발명왕 :본격 대결 과학발명 만화,글: 곰돌이 co. ;그림: 홍종현,Mirae N 아이세움,2011,40,9.79117E+12,77400,507.5,31
491,민쩌미의 쩜그레,원작: 민쩌미 ;그림: 라임스튜디오,겜툰,2023,4,9.79117E+12,77800,810,31
491,민쩌미의 쩜그레,원작: 민쩌미 ;그림: 라임스튜디오,겜툰,2023,6,9.79117E+12,77800,810,31
491,쿠키런 킹덤 17 : 검은 성벽 아래 설원 - 오리지널 레벨업 코믹북,"김강현 (지은이), 김기수 (그림)",서울문화사,2024,17,9.79117E+12,,,31
491,무한의 계단 수학여행 1 - 비지니스맨과 돌멩이의 비밀,"최재훈 (지은이), 무한의 계단 (원작), 김기수 (그림), 장세원, 김준 (감수)",서울문화사,2024,1,9.79117E+12,,,31
491,(비마이펫) 멍냥연구소 :온 세상 반려가족 필수 반려동물 교양만화,원작: 비마이펫 ;박지영,서울문화사,2021,6,9.79117E+12,74490,527.386,31
491,코믹 메이플 스토리 수학도둑 95 - 국내 최초 수학논술만화,"송도수 (지은이), 서정 엔터테인먼트 (그림), 여운방 (감수)",서울문화사,2023,95,9.79117E+12,,,31
491,비밀요원 레너드 과학X파일,글: 김정욱 ;정보 글: 서원호,아울북(북이십일 아울북),2023,2,9.79117E+12,77400,400,31
491,천하무적 개냥이 수사대 :시즌2,이승민 글 ;윤태규 그림,위즈덤하우스,2023,23,9.79117E+12,74810,813.7,31
491,흔한남매,원작: 흔한남매 ;그림: 유난희,미래엔,2019,18,9.79117E+12,77810,810,31
491,설민석의 삼국지 대모험,원작: 나관중 ;만화: 스튜디오 담,Dankkum i(단꿈아이),2021,5,9.79119E+12,77820,823.5,31
491,이상한 무인 사진관 ,서아람 글 ;안병현 그림,라곰스쿨,2024,4,9.79119E+12,77810,813.7,31
491,민쩌미,원작: 민쩌미 ;권수영,샌드박스네트워크,2022,1,9.7912E+12,74810,810,31
531,말이야와 친구들 =Mari and friends,원작: 말이야와 친구들 ;그림: 이혜림,주니어김영사,2021,5,9.78893E+12,77810,813.7,30
531,내 멋대로 동생 뽑기,"최은옥 (지은이), 김무연 (그림)",주니어김영사,2019,,9.78893E+12,73810,813.8,30
531,Go go 카카오프렌즈 :자연탐사,글: 조주희 ;이혜림,아울북(북이십일 아울북),2022,3,9.78895E+12,74400,472,30
531,Go go 카카오 프렌즈 :세계 역사 문화 체험 학습만화,글: 김미영 ;정보글: 최은하,아울북(북이십일 아울북),2018,15,9.78895E+12,74900,980.2,30
531,Go go 카카오 프렌즈 :세계 역사 문화 체험 학습만화,글: 김미영 ;정보글: 최은하,아울북(북이십일 아울북),2018,19,9.78895E+12,74900,980.2,30
531,최악의 최애 ,김다노 글 ;남수현 그림,다산북스,2024,,9.79113E+12,73810,813.7,30
531,사고뭉치 소방관 오케이,강효미 글 ;김경희 그림,길벗스쿨,2024,1,9.79116E+12,74810,813.7,30
531,수학 탐정스,조인하 글 ;조승연 그림,미래엔,2018,3,9.79116E+12,74410,410,30
531,벚꽃 수영장 ,신현경 글 ;노예지 그림,인플루엔셜,2024,2,9.79117E+12,77810,813.7,30
531,변비 탐정 실룩,이나영 글 ;박소연 그림,인플루엔셜,2023,3,9.79117E+12,74810,813.7,30
531,(처음 읽는) 그리스 로마 신화 =First Greek mythology,글: 최설희 ;그림: 한현동,미래엔,2020,9,9.79117E+12,77890,219,30
531,에그박사 :Egg&bugs,원작: 에그박사 ;그림: 홍종현,미래엔,2020,7,9.79117E+12,77490,472,30
531,(흔한남매) 수수께끼 어드벤처 :수수께끼로 배우는 교과 지식,원작: 흔한남매 ;그림: 도니패밀리,미래엔,2022,3,9.79117E+12,,388,30
531,에그박사의 채집 일기 :스티커로 채집하는 자연 생물 관찰 만화,원작: 에그박사 ;그림: 홍종현,Mirae N 아이세움,2021,3,9.79117E+12,77490,472,30
531,(처음 읽는) 그리스 로마 신화 =First Greek mythology,글: 최설희 ;그림: 한현동,미래엔,2020,10,9.79117E+12,77890,219,30
531,에그박사의 이건 누구 똥?!,원작: 에그박사 ;그림: 김덕영,Mirae N 아이세움,2022,3,9.79117E+12,77490,491,30
531,내일은 발명왕 :본격 대결 과학발명 만화,글: 곰돌이 co. ;그림: 홍종현,Mirae N 아이세움,2011,41,9.79117E+12,77400,507.5,30
531,파뿌리 직업 체험 1 : 의사편 - 파뿌리와 함께하는 특별한 직업 체험 만화,"파뿌리 (원작), 김혜련 (글), 이정태 (그림), 샌드박스 네트워크 (감수)",겜툰,2023,1,9.79117E+12,,,30
531,쿠키런 킹덤 15 : 그랜드베리 무역시장 - 오리지널 레벨업 코믹북,"김강현 (지은이), 김기수 (그림)",서울문화사,2023,15,9.79117E+12,,,30
531,쿠키런 킹덤 16 : 열정의 궁전 - 오리지널 레벨업 코믹북,"김강현 (지은이), 김기수 (그림)",서울문화사,2023,16,9.79117E+12,,,30
531,코믹 메이플 스토리 수학도둑 100 - 국내 최초 수학논술만화,"송도수 (지은이), 서정 엔터테인먼트 (그림), 여운방 (감수)",서울문화사,2024,100,9.79117E+12,,,30
531,오백 년째 열다섯 :김혜정 장편소설,글: 김혜정 ;일러스트: 조현아,위즈덤하우스,2023,3,9.79117E+12,43810,813.7,30
531,죽이고 싶은 아이 :이꽃님 장편소설 ,지은이: 이꽃님,우리학교,2021,,9.79119E+12,43810,813.7,30
531,SCP 재단 :확보하고 격리하고 보호하라 ,저자: 올드스테어즈 편집부,Old Stairs,2021,1,9.79119E+12,77000,187,30
531,SCP 재단 :확보하고 격리하고 보호하라,"저자: 올드스테어즈 편집부,Team. StoryG",Old Stairs,2021,3,9.79119E+12,77000,187,30
531,설민석의 세계사 대모험,"글: 설민석,그림: 박성일",단꿈아이,2019,10,9.79119E+12,77900,909,30
531,설민석의 삼국지 대모험,원작: 나관중 ;만화: 스튜디오 담,Dankkum i(단꿈아이),2021,13,9.79119E+12,77820,823.5,30
531,민쩌미,원작: 민쩌미 ;권수영,샌드박스네트워크,2022,3,9.79119E+12,74810,810,30
531,설민석의 삼국지 대모험,원작: 나관중 ;만화: 스튜디오 담,Dankkum i(단꿈아이),2021,20,9.79119E+12,77820,823.5,30
531,(설민석의) 그리스 로마 신화 대모험,"글: 설민석,라임스튜디오",Dankkum i(단꿈아이),2022,10,9.79119E+12,77890,219,30
531,흔한남매 과학 탐험대,원작: 흔한남매 ;임혜영,김영사,2021,12,9.79119E+12,77400,400,30
531,설민석의 세계사 대모험,"글: 설민석,그림: 박성일",단꿈아이,2019,5,9.7912E+12,77900,909,30
563,내 멋대로 초능력 뽑기 ,최은옥 글 ;김무연 그림,김영사,2022,,9.78893E+12,73810,813.7,29
563,오은영의 마음 수호대,기획·마음 글: 오은영 ;그림: 파키나미,김영사,2023,2,9.78893E+12,77190,180,29
563,내 멋대로 선생님 뽑기 ,최은옥 글 ;김무연 그림,김영사,2022,,9.78893E+12,73810,813.7,29
563,내 멋대로 산타 뽑기 ,최은옥 글 ;김무연 그림,김영사,2021,,9.78893E+12,73810,813.7,29
563,푸른 사자 와니니 :이현 장편동화,지은이: 이현 ;그린이: 오윤화,창비,2015,316,9.78894E+12,73810,813.7,29
563,마지막 레벨 업 :윤영주 장편동화 ,지은이: 윤영주 ;그린이: 안성호,창비,2021,317,9.78894E+12,73810,813.7,29
563,건방이의 건방진 수련기,천효정 글 ;강경수 그림,비룡소,2015-2018,2,9.78895E+12,74800,813.7,29
563,어쩔뚱땡! 고구마머리TV :호기심·상상력이 숙쑥 자라나는 과학학습만화,글: 서동건 ;이정태,아울북(북이십일 아울북),2021,6,9.78895E+12,74400,400,29
563,Go go 카카오 프렌즈 :세계 역사 문화 체험 학습만화,글: 김미영 ;정보글: 최은하,아울북(북이십일 아울북),2018,10,9.78895E+12,74900,980.2,29
563,놓지 마 과학!,"글·그림: 신태훈,나승훈",위즈덤하우스,2016,5,9.78896E+12,67400,408,29
563,한문철의 어린이 교통안전 :어린이가 스스로 안전을 지키는 그날까지,"글: 유경원,이현구",다산북스,2023,4,9.79113E+12,77300,372.42,29
563,(읽으면서 바로 써먹는) 어린이 신체 관용구 ,글·그림: 한날,파란정원,2021,,9.79116E+12,73710,714,29
563,불편한 편의점 :김호연 장편소설 ,지은이: 김호연,나무옆의자,2021,,9.79116E+12,3810,813.7,29
563,"어느 날, 노비가 되었다","글: 지은지,그림: 유영근",지학사,2022,2,9.79116E+12,74810,813.7,29
563,(추리 천재) 엉덩이 탐정,트롤 글·그림 ;김정화 옮김,미래엔,2016,7,9.79116E+12,74830,833.6,29
563,내일은 발명왕 :본격 대결 과학발명 만화,글: 곰돌이 co. ;그림: 홍종현,Mirae N 아이세움,2011,27,9.79116E+12,77400,507.5,29
563,내일은 발명왕 :본격 대결 과학발명 만화,글: 곰돌이 co. ;그림: 홍종현,Mirae N 아이세움,2011,30,9.79116E+12,77080,507.5,29
563,내일은 발명왕 :본격 대결 과학발명 만화,글: 곰돌이 co. ;그림: 홍종현,Mirae N 아이세움,2011,31,9.79116E+12,77400,507.5,29
563,(설민석의) 만만 한국사 :재미 만점★효과 만점★한국사 만화 ,"글: 설민석,그림: 김덕영",미래엔,2020,1,9.79116E+12,77910,911,29
563,(설민석의) 역사 고민 상담소 :역사 이야기로 고민을 해결하는 스토리텔링 한국사,"글: 설민석,정주연",미래엔,2020,1,9.79116E+12,74910,911,29
563,내일은 발명왕 :본격 대결 과학발명 만화,글: 곰돌이 co. ;그림: 홍종현,Mirae N 아이세움,2011,34,9.79116E+12,77400,507.5,29
563,죽이고 싶은 아이 :이꽃님 장편소설,지은이: 이꽃님,우리학교,2024,2,9.79117E+12,44810,813.7,29
563,오백 년째 열다섯 :김혜정 장편소설,글: 김혜정 ;일러스트: 조현아,위즈덤하우스,2023,2,9.79117E+12,43810,813.7,29
563,(전설의 모험왕) 엉덩이 댄디 :the young,원작·감수: 트롤 ;옮긴이: 김정화,미래엔,2021,4,9.79117E+12,77830,830,29
563,환생학교 요괴반 :웃소의 판타지 미션 코믹북,원작: 웃소 ;그림: 파키나미,미래엔,2023,1,9.79117E+12,77810,810,29
563,정브르의 열대 동물 일기 - 생생체험 자연관찰,"정브르 (지은이), 샌드박스네트워크 (감수)",서울문화사,2024,,9.79117E+12,,,29
563,브레드이발소 =Bread barbershop,원작·그림: 몬스터스튜디오,한솔수북,2020,6,9.79117E+12,77810,813.7,29
563,169층 나무 집 ,앤디 그리피스 글 ;신수진 옮김,시공사,2024,13,9.79117E+12,74840,843,29
563,소맥거핀의 인체 친구들,소맥거핀 원작 ;김기수 그림,위즈덤하우스,2024,1,9.79117E+12,77400,511,29
563,설민석의 한국사 대모험,"글: 설민석,그림: 정현희",휴먼큐브,2017,9,9.79119E+12,74910,911,29
563,설전도 수련관,글: 김경미 ;그림: 센개,따끈따끈책방,2022,1,9.79119E+12,74810,813.7,29
563,SCP 재단 : 확보하고 격리하고 보호하라 5 - 비일상 미스터리 그래픽 노블,Team. StoryG (지은이),oldstairs(올드스테어즈),2022,5,9.79119E+12,,,29
563,설민석의 삼국지 대모험,원작: 나관중 ;만화: 스튜디오 담,Dankkum i(단꿈아이),2021,9,9.79119E+12,77820,823.5,29
563,빨간내복야코,원작: 빨간내복야코 ;글·그림: 서후,샌드박스네트워크,2023,3,9.79119E+12,74810,810,29
563,(똥꼬 발랄) 고영희 :다영 수학동화,글: 다영 ;그림: 김윤정,와이즈만 Books,2024,1,9.79119E+12,77410,410,29
563,설민석의 세계사 대모험,"글: 설민석,그림: 박성일",단꿈아이,2019,7,9.7912E+12,77900,909,29
563,채사장의 지대넓얕 :지적 대화를 위한 넓고 얕은 지식,"글: 채사장,그림: 정용환",Dolphin Books(돌핀북),2021,3,9.7912E+12,74900,1,29
600,아이엠★허준이 ,글: 김승민 ;그림: 손지윤,알에이치코리아,2024,,9.78893E+12,,998.4,28
600,말이야와 친구들 8 - 본격 가족 명랑 시트콤 만화,"말이야와 친구들 (지은이), 김정욱 (글), 이혜림 (그림), 샌드박스 네트워크 (감수)",주니어김영사,2023,8,9.78893E+12,,,28
600,오은영의 마음 수호대,기획·마음 글: 오은영 ;그림: 파키나미,김영사,2023,1,9.78893E+12,77190,180,28
600,내일은 발명왕 :본격 대결 과학발명 만화,글: 곰돌이 co. ;그림: 홍종현,Mirae N 아이세움,2011,12,9.78894E+12,77400,507.5,28
600,(엉뚱한 기자) 김방구,주봄 글 ;한승무 그림,비룡소,2023,2,9.78895E+12,74800,813.7,28
600,비밀요원 레너드,글: 박설연 ;그림: 김덕영,아울북(북이십일 아울북),2022,11,9.78895E+12,74810,813.7,28
600,마법천자문 :손오공의 한자 대탐험,"저자: 스튜디오시리얼,정수영",아울북,2005,58,9.78895E+12,77720,711.4,28
600,그리스 로마 신화,"글: 박시연,정보글: 강대진",아울북(북이십일 아울북),2017,10,9.78895E+12,74800,219,28
600,그리스 로마 신화,"글: 박시연,정보글: 강대진",아울북(북이십일 아울북),2017,19,9.78895E+12,74800,219,28
600,그리스 로마 신화,"글: 박시연,정보글: 강대진",아울북(북이십일 아울북),2017,29,9.78895E+12,74800,219,28
600,그리스 로마 신화,"글: 박시연,정보글: 강대진",아울북(북이십일 아울북),2017,30,9.78895E+12,74800,219,28
600,비밀요원 레너드,글: 박설연 ;그림: 김덕영,북이십일,2019,4,9.78895E+12,74810,813.7,28
600,마법천자문 :손오공의 한자 대탐험,"저자: 스튜디오시리얼,정수영",아울북,2005,47,9.78895E+12,77720,711.4,28
600,시간 고양이,박미연 글 ;이소연 그림,이지북,2022,4,9.78896E+12,74810,813.7,28
600,놓지 마 과학!,"글·그림: 신태훈,나승훈",위즈덤하우스,2016,2,9.78896E+12,67400,408,28
600,수상한 이웃집 시노다,도미야스 요코 글 ;송지현 옮김,다산북스,2023,5,9.79113E+12,74830,833.6,28
600,한문철의 어린이 교통안전 :어린이가 스스로 안전을 지키는 그날까지,"글: 유경원,이현구",다산북스,2023,3,9.79113E+12,77300,372.42,28
600,(최태성의) 한능검 한국사,윤상석 글 ;이태영 그림,다산북스,2024,1,9.79113E+12,77910,911,28
600,(최태성의) 한능검 한국사,윤상석 글 ;이태영 그림,다산북스,2024,2,9.79113E+12,77910,911,28
600,Who? 이강인 =Kang In ,글: 이혜원 ;그림: 리버앤드스타 스튜디오,다산북스,2024,,9.79113E+12,14990,998.6,28
600,(읽으면서 바로 써먹는) 어린이 퀴즈 ,글·그림: 한날,파란정원,2019,,9.79116E+12,73030,31,28
600,(읽으면서 바로 써먹는) 어린이 영단어 ,글·그림: 한날,파란정원,2019,,9.79116E+12,73740,744,28
600,(읽으면서 바로 써먹는) 어린이 감정 표현 ,글·그림: 한날,파란정원,2024,,9.79116E+12,73710,181,28
600,용선생 처음 세계사 :세계 역사 첫걸음 ,"글: 사회평론 역사연구소,캐릭터: 이우일",사회평론,2019,2,9.79116E+12,77900,909,28
600,내일은 실험왕 :본격 대결 과학실험 만화,"글: 곰돌이 co. ,그림: 홍종현",미래엔,2011,48,9.79116E+12,77400,400,28
600,(추리 천재) 엉덩이 탐정,트롤 글·그림 ;김정화 옮김,미래엔,2016,10,9.79116E+12,74830,833.6,28
600,(설민석의) 역사 고민 상담소 :역사 이야기로 고민을 해결하는 스토리텔링 한국사,"글: 설민석,정주연",미래엔,2020,2,9.79116E+12,74910,911,28
600,(설민석의) 역사 고민 상담소 :역사 이야기로 고민을 해결하는 스토리텔링 한국사,"글: 설민석,정주연",미래엔,2020,4,9.79116E+12,74910,911,28
600,(비마이펫) 멍냥연구소 :온 세상 반려가족 필수 반려동물 교양만화,원작: 비마이펫 ;박지영,서울문화사,2021,2,9.79116E+12,77490,527.386,28
600,요괴의 아이를 돌봐드립니다,히로시마 레이코 글 ;김지영 옮김,넥서스,2021,1,9.79117E+12,74830,833.6,28
600,요괴의 아이를 키우고 있습니다,히로시마 레이코 글 ;김지영 옮김,넥서스,2022,3,9.79117E+12,74830,833.6,28
600,고민을 들어줘 닥터 별냥,이지음 글 ;문채빈 그림,꿈터,2023,2,9.79117E+12,74810,813.7,28
600,당연하게도 나는 너를 :이꽃님 장편소설 ,지은이: 이꽃님,우리학교,2023,,9.79117E+12,43810,813.7,28
600,불꽃 수영 대회 ,신현경 글 ;노예지 그림,인플루엔셜,2025,3,9.79117E+12,77810,813.7,28
600,(처음 읽는) 그리스 로마 신화 =First Greek mythology,글: 최설희 ;그림: 한현동,미래엔,2020,7,9.79117E+12,77890,219,28
600,코코보라 :세상 모든 궁금증을 다룬 과학 학습 만화,코코보라 원작 ;신재미 그림,Mirae N 아이세움,2023,1,9.79117E+12,77400,400,28
600,파뿌리24,원작: 파뿌리 ;그림: 이정태,겜툰,2021,12,9.79117E+12,77800,810,28
600,민쩌미의 쩜그레,원작: 민쩌미 ;그림: 라임스튜디오,겜툰,2023,5,9.79117E+12,77800,810,28
600,무한의 계단 세계여행 GO 2 : 프랑스 - 초등학생을 위한 세계사 맛보기,"무한의 계단 (원작), 김강현 (글), 김기수 (그림), 김준우 (콘텐츠)",서울문화사,2024,2,9.79117E+12,,,28
600,왔구마 :고구마구마,"글: 조주희,이두희",킨더랜드,2023,4,9.79117E+12,74810,813.7,28
600,옐언니,원작: 옐언니 ;그림: 라임스튜디오,아울북,2024,2,9.79117E+12,74810,375.2,28
600,Go go 카카오프렌즈 :자연탐사,글: 조주희 ;이혜림,아울북(북이십일 아울북),2022,7,9.79117E+12,74400,472,28
600,비밀요원 레너드 과학X파일,글: 김정욱 ;정보 글: 서원호,아울북(북이십일 아울북),2023,3,9.79117E+12,77400,400,28
600,(타키포오) 얼렁뚱땅 상식스쿨,원작: 캐릭온TV ;그림: 조수현,대원씨아이,2023,4,9.79117E+12,77810,31,28
600,학교가 사라진 날 ,글: 고정욱 ;그림: 허구,한솔수북,2017,,9.79119E+12,74810,813.7,28
600,(무엇이든 해결단) 허팝 연구소,라곰씨 글 ;차차 그림,부즈펌,2018-2021,7,9.79119E+12,74810,400,28
600,설민석의 한국사 대모험,"글: 설민석,그림: 정현희",휴먼큐브,2017,7,9.79119E+12,74910,911,28
600,(설민석의) 통일 대모험 ,"글: 설민석,그림: 원프로",휴먼큐브,2018,1,9.79119E+12,74910,911,28
600,설민석의 한국사 대모험,"글: 설민석,그림: 정현희",휴먼큐브,2017,12,9.79119E+12,74910,911,28
600,야옹이 문방구 :도단이 만화 ,지은이: 도단이,마주별,2022,,9.79119E+12,77810,810,28
600,설민석의 삼국지 대모험,원작: 나관중 ;만화: 스튜디오 담,Dankkum i(단꿈아이),2021,12,9.79119E+12,77820,823.5,28
600,설민석의 삼국지 대모험,원작: 나관중 ;만화: 스튜디오 담,Dankkum i(단꿈아이),2021,14,9.79119E+12,77820,823.5,28
600,급식왕 go,원작: 급식왕 ;그림: 구은미,샌드박스네트워크,2022,10,9.79119E+12,74810,810,28
600,설전도 수련관,글: 김경미 ;그림: 센개,따끈따끈책방,2022,3,9.7912E+12,74810,813.7,28
654,말이야와 좋은 습관 친구들,원작: 말이야와 친구들 ;그림: 이혜림,김영사,2022,3,9.78893E+12,77300,199,27
654,내 멋대로 장래 희망 뽑기 ,최은옥 글 ;김무연 그림,김영사,2023,,9.78893E+12,73810,813.7,27
654,말이야와 친구들 =Mari and friends,원작: 말이야와 친구들 ;그림: 이혜림,주니어김영사,2021,4,9.78893E+12,77810,813.7,27
654,말이야와 좋은 습관 친구들 2 : 층간 소음은 괴로워!,"말이야와 친구들 (원작), 한바리 (글), 이혜림 (그림), 샌드박스 네트워크 (감수), 차상곤 (기획)",주니어김영사,2023,2,9.78893E+12,,,27
654,내 멋대로 행운 뽑기 ,최은옥 글 ;김무연 그림,김영사,2021,,9.78893E+12,73810,813.7,27
654,내일은 실험왕 :본격 대결 과학실험 만화,"글: 곰돌이 co. ,그림: 홍종현",미래엔,2011,36,9.78894E+12,77400,400,27
654,내일은 실험왕 :본격 대결 과학실험 만화,"글: 곰돌이 co. ,그림: 홍종현",미래엔,2011,37,9.78894E+12,77400,400,27
654,내일은 실험왕 :본격 대결 과학실험 만화,"글: 곰돌이 co. ,그림: 홍종현",미래엔,2011,33,9.78894E+12,77400,400,27
654,내일은 실험왕 :본격 대결 과학실험 만화,"글: 곰돌이 co. ,그림: 홍종현",미래엔,2011,34,9.78894E+12,77400,400,27
654,세금 내는 아이들 ,옥효진 글 ;김미연 그림,한경BP,2021,,9.78895E+12,73320,327,27
654,배드 가이즈,애런 블레이비 지음 ;신수진 옮김,비룡소,2021,1,9.78895E+12,77800,843,27
654,벌거벗은 세계사,"글: 이현희,최호정",아울북(북이십일 아울북),2022,3,9.78895E+12,74900,909,27
654,비밀요원 레너드,글: 박설연 ;그림: 김덕영,아울북(북이십일 아울북),2022,12,9.78895E+12,74810,813.7,27
654,마법천자문 :손오공의 한자 대탐험,"저자: 스튜디오시리얼,정수영",아울북,2005,54,9.78895E+12,77720,711.4,27
654,그리스 로마 신화,"글: 박시연,정보글: 강대진",아울북(북이십일 아울북),2017,16,9.78895E+12,74800,219,27
654,마법천자문 :손오공의 한자 대탐험,"저자: 스튜디오시리얼,정수영",아울북,2005,45,9.78895E+12,77720,711.4,27
654,(정재승의) 인간 탐구 보고서,"글: 정재은,특대호 원고: 오경은",아울북(북이십일 아울북),2019,5,9.78895E+12,74400,511,27
654,비밀요원 레너드,글: 박설연 ;그림: 김덕영,북이십일,2019,2,9.78895E+12,74810,813.7,27
654,Go go 카카오 프렌즈 :세계 역사 문화 체험 학습만화,글: 김미영 ;정보글: 최은하,아울북(북이십일 아울북),2018,12,9.78895E+12,74900,980.2,27
654,마법천자문 :손오공의 한자 대탐험,"저자: 스튜디오시리얼,정수영",아울북,2005,50,9.78895E+12,77720,711.4,27
654,비밀요원 레너드,글: 박설연 ;그림: 김덕영,북이십일,2019,6,9.78895E+12,74810,813.7,27
654,비밀요원 레너드,글: 박설연 ;그림: 김덕영,북이십일,2019,8,9.78895E+12,74810,813.7,27
654,어쩔뚱땡! 고구마머리TV :호기심·상상력이 숙쑥 자라나는 과학학습만화,글: 서동건 ;이정태,아울북(북이십일 아울북),2021,1,9.78895E+12,74400,400,27
654,어쩔뚱땡! 고구마머리TV :호기심·상상력이 숙쑥 자라나는 과학학습만화,글: 서동건 ;이정태,아울북(북이십일 아울북),2021,2,9.78895E+12,74400,400,27
654,수상한 이웃집 시노다,도미야스 요코 글 ;송지현 옮김,다산북스,2023,3,9.79113E+12,74830,833.6,27
654,만화 한국 신화 :어린이를 위한 우리 인문학,글: 박정효 ;김기수,다산북스,2023,6,9.79113E+12,77810,219,27
654,(어린이를 위한) 역사의 쓸모 ,글: 최태성 ;그림: 신진호,다산북스,2022,1,9.79113E+12,73910,911,27
654,Who? TWICE :K-pop ,글: 윤상석 ;그림: 서영희,스튜디오다산,2019,,9.79116E+12,14990,998.6,27
654,내일은 실험왕 :본격 대결 과학실험 만화,"글: 곰돌이 co. ,그림: 홍종현",미래엔,2011,45,9.79116E+12,77400,400,27
654,(이상한 과자 가게) 전천당,히로시마 레이코 글 ;김정화 옮김,길벗스쿨,2019,2,9.79116E+12,74830,833.6,27
654,(이상한 과자 가게) 전천당,히로시마 레이코 글 ;김정화 옮김,길벗스쿨,2019,15,9.79116E+12,74830,833.6,27
654,비밀의 보석 가게 마석관,히로시마 레이코 글 ;김정화 옮김,길벗스쿨,2020,3,9.79116E+12,74830,833.6,27
654,(이상한 과자 가게) 전천당,히로시마 레이코 글 ;김정화 옮김,길벗스쿨,2019,16,9.79116E+12,73830,833.6,27
654,(이상한 과자 가게) 전천당,히로시마 레이코 글 ;김정화 옮김,길벗스쿨,2019,17,9.79116E+12,73830,833.6,27
654,비밀의 보석 가게 마석관 4,"히로시마 레이코 (지은이), 사타케 미호 (그림), 김정화 (옮긴이)",길벗스쿨,2023,4,9.79116E+12,,,27
654,내일은 실험왕 :본격 대결 과학실험 만화,"글: 곰돌이 co. ,그림: 홍종현",미래엔,2011,49,9.79116E+12,77400,400,27
654,(설민석의) 만만 한국사 :재미 만점★효과 만점★한국사 만화 ,"글: 설민석,그림: 김덕영",미래엔,2020,2,9.79116E+12,77910,911,27
654,(코믹 메이플스토리) 수학도둑 :언제 어디에서나 원리를 응용하여 문제를 격파하는 수학의 해결사!,글: 송도수 ;그림: 서정 엔터테인먼트,서울문화사,2021,86,9.79116E+12,67410,410,27
654,설민석의 한국사 대모험,"글: 설민석,그림: 정현희",휴먼큐브,2017,20,9.79117E+12,74910,911,27
654,의사 어벤저스 :어린이 의학 동화,글: 고희정 ;그림: 조승연,가나문화콘텐츠,2021,7,9.79117E+12,74510,510,27
654,토깽이네 지구 구출 대작전,원작: 토깽이네 ;그림: 양선모,위즈덤하우스,2021,4,9.79117E+12,77470,539,27
654,토깽이네 지구 구출 대작전,원작: 토깽이네 ;그림: 양선모,위즈덤하우스,2023,6,9.79117E+12,77470,539,27
654,내일은 실험왕 :본격 대결 과학실험 만화 시즌2,글: 스토리 a. ;그림: 홍종현,미래엔,2021,24,9.79117E+12,77400,400,27
654,묘신계 요괴전,원작: 화화 ;그림: 도니패밀리,미래엔,2023,1,9.79117E+12,77810,388,27
654,무한의 계단 세계여행 GO 3 : 영국,"무한의 계단 (원작), 김강현 (글), 김기수 (그림), 김준우 (콘텐츠)",서울문화사,2024,3,9.79117E+12,,,27
654,쿠키런 킹덤 20 : 찬란하게 빛나는 나날 - 오리지널 레벨업 코믹북,"김강현 (지은이), 김기수 (그림)",서울문화사,2024,20,9.79117E+12,,,27
654,정브르의 맹독 생물 일기 - 생생체험 자연관찰,"정브르 (지은이), 샌드박스 네트워크 (감수)",서울문화사,2023,,9.79117E+12,,,27
654,발명코믹북 무한의 계단 3 - 좀비 도시 습격 작전,"임우영 (지은이), 양선모 (그림)",서울문화사,2024,3,9.79117E+12,,,27
654,설민석의 고사성어 대격돌,"글: 설민석,그림: 김문식",한솔수북,2020,2,9.79117E+12,74700,714,27
654,왔구마 :고구마구마,"글: 조주희,이두희",킨더랜드,2023,6,9.79117E+12,74810,813.7,27
654,물리박사 김상욱의 수상한 연구실 :어린이를 위한 세상의 모든 과학,글: 김하연 ;그림: 정순규,아울북(북이십일 아울북),2023,5,9.79117E+12,74400,420,27
654,(비밀요원 레너드) 우리말 사무소 :초등 필수 어휘,글: 이향안 ;그림: 라임스튜디오,아울북(북이십일 아울북),2024,3,9.79117E+12,74810,710,27
654,(무엇이든 해결단) 허팝 연구소,라곰씨 글 ;차차 그림,부즈펌,2018-2021,6,9.79119E+12,74810,400,27
654,설민석의 한국사 대모험,"글: 설민석,그림: 정현희",휴먼큐브,2017,11,9.79119E+12,74910,911,27
654,설민석의 세계사 대모험,"글: 설민석,그림: 박성일",단꿈아이,2019,1,9.79119E+12,77900,909,27
654,엉뚱하지만 과학입니다,"원종우,송승기 그림",와이즈만 Books,2022,1,9.79119E+12,74400,400,27
654,놓지 마 과학!,"글, 그림: 신태훈,나승훈",위즈덤하우스,2020,1,9.79119E+12,67400,408,27
654,놓지 마 과학!,"글, 그림: 신태훈,나승훈",위즈덤하우스,2020,3,9.79119E+12,67400,408,27
654,설민석의 삼국지 대모험,원작: 나관중 ;만화: 스튜디오 담,Dankkum i(단꿈아이),2021,10,9.79119E+12,77820,823.5,27
654,설민석의 한국사 대모험,"글: 설민석,그림: 정현희",휴먼큐브,2017,5,9.7912E+12,74910,911,27
654,채사장의 지대넓얕 :지적 대화를 위한 넓고 얕은 지식,"글: 채사장,그림: 정용환",Dolphin Books(돌핀북),2021,6,9.7912E+12,74900,1,27
715,인싸가족 vs 인싸스쿨 :핵인싸 코믹 가족 시트콤,원작: 인싸가족 ;채색: 김란희,예림당,2022,3,9.78893E+12,74800,31,26
715,"출동, 고양이 요원 캣스코",박주혜 글 ;홍그림 그림,김영사,2022,1,9.78893E+12,74810,813.7,26
715,토토의 무지개 왕국 ,서피랑 글 ;홍그림 그림,김영사,2023,,9.78893E+12,73810,813.7,26
715,불량한 자전거 여행 :김남중 장편동화 ,지은이: 김남중 ;그린이: 허태준,창비,2009,250,9.78894E+12,73810,813.6,26
715,푸른 사자 와니니 :이현 장편동화,지은이: 이현 ;그린이: 오윤화,창비,2015,336,9.78894E+12,73810,813.7,26
715,속지 마! 왕재미 :다영 과학동화,지은이: 다영 ;그린이: 유영근,창비,2024,1,9.78894E+12,73400,400,26
715,내일은 실험왕 :본격 대결 과학실험 만화,"글: 곰돌이 co. ,그림: 홍종현",미래엔,2011,35,9.78894E+12,77400,400,26
715,내일은 실험왕 :본격 대결 과학실험 만화,"글: 곰돌이 co. ,그림: 홍종현",미래엔,2011,40,9.78894E+12,77400,400,26
715,내일은 발명왕 :본격 대결 과학발명 만화,글: 곰돌이 co. ;그림: 홍종현,Mirae N 아이세움,2011,5,9.78894E+12,77400,507.5,26
715,옷산 수색대 ,김두경 글 ;아인 그림,비룡소,2024,,9.78895E+12,74800,813.7,26
715,건방이의 건방진 수련기,천효정 글 ;강경수 그림,비룡소,2015-2018,3,9.78895E+12,74800,813.7,26
715,그리스 로마 신화,"글: 박시연,정보글: 강대진",아울북(북이십일 아울북),2017,33,9.78895E+12,74800,219,26
715,그리스 로마 신화,"글: 박시연,정보글: 강대진",아울북(북이십일 아울북),2017,34,9.78895E+12,74800,219,26
715,그리스 로마 신화,"글: 박시연,정보글: 강대진",아울북(북이십일 아울북),2017,38,9.78895E+12,74800,219,26
715,(권일용 프로파일러의) 사라진 셜록 홈즈,글: 한주이 ;원작: 아서 코난 도일,아울북(북이십일 아울북),2023,3,9.78895E+12,74810,813.7,26
715,그리스 로마 신화,"글: 박시연,정보글: 강대진",아울북(북이십일 아울북),2017,7,9.78895E+12,74800,219,26
715,그리스 로마 신화,"글: 박시연,정보글: 강대진",아울북(북이십일 아울북),2017,14,9.78895E+12,74800,219,26
715,그리스 로마 신화,"글: 박시연,정보글: 강대진",아울북(북이십일 아울북),2017,15,9.78895E+12,74800,219,26
715,수상한 화장실 ,박현숙 글 ;유영주 그림,북멘토,2020,38,9.78896E+12,73810,813.7,26
715,(최재천의) 동물대탐험 :지구를 사랑하는 어린이를 위한 생물학 동화,황혜영 글 ;안선영 해설,다산북스,2022,5,9.79113E+12,74470,491,26
715,Who? 김민재 =Minjae ,글: 스토리랩 ;그림: 이유철,다산북스,2024,,9.79113E+12,14990,998.6,26
715,(최재천의) 동물대탐험 :지구를 사랑하는 어린이를 위한 생물학 동화,황혜영 글 ;안선영 해설,다산북스,2022,1,9.79113E+12,74470,491,26
715,드래곤 마스터,글: 트레이시 웨스트 ;옮김: 윤영,다산북스,2023,1,9.79113E+12,74840,843,26
715,만화 한국 신화 :어린이를 위한 우리 인문학,글: 박정효 ;김기수,다산북스,2023,2,9.79113E+12,77810,219,26
715,수상한 보건실 :소메야 가코 장편동화,지은이: 소메야 가코 ;옮긴이: 김소연,책읽는곰,2022,68,9.79116E+12,74830,833.6,26
715,(읽으면서 바로 써먹는) 어린이 관용구 ,글·그림: 한날,파란정원,2018,,9.79116E+12,73710,714,26
715,(읽으면서 바로 써먹는) 어린이 수수께끼 ,글·그림: 한날,파란정원,2020,,9.79116E+12,73710,388,26
715,(읽으면서 바로 써먹는) 어린이 세계사 퀴즈,글·그림 : 한날,파란정원,2023,55,9.79116E+12,73030,909,26
715,(읽으면서 바로 써먹는) 어린이 세계사 퀴즈,글·그림 : 한날,파란정원,2023,56,9.79116E+12,73030,909,26
715,내일은 발명왕 :본격 대결 과학발명 만화,글: 곰돌이 co. ;그림: 홍종현,Mirae N 아이세움,2011,26,9.79116E+12,77400,507.5,26
715,용선생 처음 세계사 :세계 역사 첫걸음 ,"글: 사회평론 역사연구소,캐릭터: 이우일",사회평론,2019,1,9.79116E+12,77900,909,26
715,(추리 천재) 엉덩이 탐정,트롤 글·그림 ;김정화 옮김,미래엔,2016,9,9.79116E+12,74830,833.6,26
715,(처음 읽는) 그리스 로마 신화 =First Greek mythology,글: 최설희 ;그림: 한현동,미래엔,2020,1,9.79116E+12,77890,219,26
715,(처음 읽는) 그리스 로마 신화 =First Greek mythology,글: 최설희 ;그림: 한현동,미래엔,2020,2,9.79116E+12,77890,219,26
715,내일은 발명왕 :본격 대결 과학발명 만화,글: 곰돌이 co. ;그림: 홍종현,Mirae N 아이세움,2011,33,9.79116E+12,77400,507.5,26
715,(설민석의) 만만 한국사 :재미 만점★효과 만점★한국사 만화 ,"글: 설민석,그림: 김덕영",미래엔,2020,4,9.79116E+12,77910,911,26
715,(코믹 메이플스토리) 수학도둑 :언제 어디에서나 원리를 응용하여 문제를 격파하는 수학의 해결사!,글: 송도수 ;그림: 서정 엔터테인먼트,서울문화사,2021,83,9.79116E+12,67410,410,26
715,쿠키런 킹덤,글: 김강현 ;그림: 김기수,서울문화사,2021,3,9.79116E+12,64380,810,26
715,설민석의 한국사 대모험,"글: 설민석,그림: 정현희",휴먼큐브,2017,16,9.79117E+12,74910,911,26
715,의사 어벤저스 :어린이 의학 동화,글: 고희정 ;그림: 조승연,가나문화콘텐츠,2021,6,9.79117E+12,74510,510,26
715,변호사 어벤저스 :어린이 법학 동화,글: 고희정 ;그림: 최미란,가나문화콘텐츠,2024,3,9.79117E+12,74810,360,26
715,토깽이네 지구 구출 대작전 3 : 거대 괴물로부터 바다를 구하라! - 서바이벌 환경 학습만화,"토깽이네 (지은이), 잼 스토리 (글), 양선모 (그림), 샌드박스 네트워크 (감수)",위즈덤하우스,2022,3,9.79117E+12,,,26
715,내일은 실험왕 :본격 대결 과학실험 만화 시즌2,글: 스토리 a. ;그림: 홍종현,미래엔,2021,23,9.79117E+12,77400,400,26
715,뼈뼈 사우루스,글·그림: 암모나이트 ;김정화 옮김,미래엔,2018,15,9.79117E+12,74830,833.6,26
715,(처음 읽는) 그리스 로마 신화 =First Greek mythology,글: 최설희 ;그림: 한현동,미래엔,2020,8,9.79117E+12,77890,219,26
715,묘신계 요괴전,원작: 화화 ;그림: 도니패밀리,미래엔,2023,2,9.79117E+12,77810,388,26
715,에그박사의 이건 누구 똥?!,원작: 에그박사 ;그림: 김덕영,Mirae N 아이세움,2022,2,9.79117E+12,77490,491,26
715,환생학교 요괴반 :웃소의 판타지 미션 코믹북,원작: 웃소 ;그림: 파키나미,미래엔,2023,4,9.79117E+12,77810,810,26
715,파뿌리24,원작: 파뿌리 ;그림: 이정태,겜툰,2021,11,9.79117E+12,77800,810,26
715,파뿌리24 14,"파뿌리 (원작), 백승하 (글), 이정태 (그림), 샌드박스 네트워크 (감수)",겜툰,2023,14,9.79117E+12,,,26
715,쿠키런 킹덤 19 : 다가오는 결전의 날,"김강현 (지은이), 김기수 (그림)",서울문화사,2024,19,9.79117E+12,,,26
715,뚜식이 :상상 초월! 웃음 폭탄! 공감 스토리!,원작: 뚜식이,서울문화사,2023,1,9.79117E+12,74800,810,26
715,정브르의 별별 곤충 일기 - 생생체험 자연관찰,"정브르 (지은이), 샌드박스네트워크 (감수)",서울문화사,2024,,9.79117E+12,,,26
715,토깽이네 지구 구출 대작전,원작: 토깽이네 ;그림: 양선모,위즈덤하우스,2023,8,9.79117E+12,77470,539,26
715,토깽이네 경제 오락실,원작: 토깽이네 ;그림: 유희석,위즈덤하우스,2023,2,9.79117E+12,77320,320,26
715,설민석의 한국사 대모험,"글: 설민석,그림: 정현희",휴먼큐브,2017,6,9.79119E+12,74910,911,26
715,놓지 마 과학!,"글·그림: 신태훈,나승훈",위즈덤하우스,2016,10,9.79119E+12,67400,408,26
715,설민석의 세계사 대모험,"글: 설민석,그림: 박성일",단꿈아이,2019,11,9.79119E+12,77900,909,26
715,설민석의 삼국지 대모험,원작: 나관중 ;만화: 스튜디오 담,Dankkum i(단꿈아이),2021,8,9.79119E+12,77820,823.5,26
715,천하무적 개냥이 수사대,이승민 글 ;하민석 그림,위즈덤하우스,2020,3,9.79119E+12,74810,813.7,26
715,채사장의 지대넓얕 :지적 대화를 위한 넓고 얕은 지식,"글: 채사장,그림: 정용환",Dolphin Books(돌핀북),2021,1,9.7912E+12,74900,1,26
715,대충 봐도 머리에 남는 어린이 야구 상식 :야구의 재미를 제대로 알게 하는 알쏭달쏭 야구의 모든 것 ,글: 김양희 ;그림: 나인완,블루무스어린이,2023,,9.7912E+12,77690,695,26
777,태양의 마녀 나코와 코기 봉봉,히로시마 레이코 글 ;김정화 옮김,웅진씽크빅,2022,8,9.7889E+12,74830,833.6,25
777,오은영의 마음 수호대,기획·마음 글: 오은영 ;그림: 파키나미,김영사,2023,3,9.78893E+12,77190,180,25
777,놓지 마 속담,"글·그림: 신태훈,정보글: 김지현",김영사,2024,2,9.78893E+12,77700,388,25
777,푸른 사자 와니니 :이현 장편동화,지은이: 이현 ;그린이: 오윤화,창비,2015,325,9.78894E+12,73810,813.7,25
777,내일은 발명왕 :본격 대결 과학발명 만화,글: 곰돌이 co. ;그림: 홍종현,Mirae N 아이세움,2011,22,9.78894E+12,77400,507.5,25
777,내일은 발명왕 :본격 대결 과학발명 만화,글: 곰돌이 co. ;그림: 홍종현,Mirae N 아이세움,2011,3,9.78894E+12,77400,507.5,25
777,내일은 발명왕 :본격 대결 과학발명 만화,글: 곰돌이 co. ;그림: 홍종현,Mirae N 아이세움,2011,4,9.78894E+12,77400,507.5,25
777,그리스 로마 신화,"글: 박시연,정보글: 강대진",아울북(북이십일 아울북),2017,40,9.78895E+12,74800,219,25
777,그리스 로마 신화,"글: 박시연,정보글: 강대진",아울북(북이십일 아울북),2017,6,9.78895E+12,74800,219,25
777,그리스 로마 신화,"글: 박시연,정보글: 강대진",아울북(북이십일 아울북),2017,17,9.78895E+12,74800,219,25
777,그리스 로마 신화,"글: 박시연,정보글: 강대진",아울북(북이십일 아울북),2017,18,9.78895E+12,74800,219,25
777,비밀요원 레너드,글: 박설연 ;그림: 김덕영,북이십일,2019,3,9.78895E+12,74810,813.7,25
777,이시원의 영어 대모험 =만화로 시작하는 이시원표 초등영어.English adventure ,글: 박시연 ;그림: 이태영,북이십일,2020,1,9.78895E+12,74740,740,25
777,마법천자문 :손오공의 한자 대탐험,"저자: 스튜디오시리얼,정수영",아울북,2005,49,9.78895E+12,77720,711.4,25
777,(이사도라 문) 마녀 요정 미라벨,해리엇 먼캐스터 지음 ;심연희 옮김,을파소(북이십일 을파소),2021,1,9.78895E+12,74840,843,25
777,정재승의 인류 탐험 보고서,"글: 차유진,그림: 김현민",아울북(북이십일 아울북),2021,5,9.78895E+12,74400,471,25
777,정재승의 인류 탐험 보고서,"글: 차유진,그림: 김현민",아울북(북이십일 아울북),2021,6,9.78895E+12,74400,471,25
777,정재승의 인류 탐험 보고서,"글: 차유진,그림: 김현민",아울북(북이십일 아울북),2021,8,9.78895E+12,74400,471,25
777,수상한 편의점,박현숙,북멘토,2018,28,9.78896E+12,73810,813.8,25
777,(나의 성격을 이해하고 더 멋진 내가 되는) 우리들의 MBTI ,"글: 조수연,그림: 소윤",다산북스,2021,1,9.79113E+12,77190,182,25
777,수상한 이웃집 시노다,도미야스 요코 글 ;송지현 옮김,다산북스,2023,4,9.79113E+12,74830,833.6,25
777,(옥효진 선생님의) 과학 개념 사전 :생물 지구 과학 ,글: 옥효진 ;그림: 유재영,다산북스,2024,,9.79113E+12,74400,400,25
777,드래곤 마스터,글: 트레이시 웨스트 ;옮김: 윤영,다산북스,2023,2,9.79113E+12,74840,843,25
777,(읽으면서 바로 써먹는) 어린이 맞춤법 ,글·그림: 한날,파란정원,2019,,9.79116E+12,73710,711,25
777,(읽으면서 바로 써먹는) 어린이 세계사 퀴즈,글·그림 : 한날,파란정원,2023,2,9.79116E+12,73030,909,25
777,(읽으면서 바로 써먹는) 어린이 세계 여행 ,글·그림: 한날,파란정원,2023,,9.79116E+12,73900,980,25
777,용선생이 간다 :세계 문화 여행,"글: 사회평론 역사연구소,캐릭터: 이우일",사회평론,2020,13,9.79116E+12,77900,980.2,25
777,수학 탐정스,조인하 글 ;조승연 그림,미래엔,2018,2,9.79116E+12,74410,410,25
777,(처음 읽는) 그리스 로마 신화 =First Greek mythology,글: 최설희 ;그림: 한현동,미래엔,2020,3,9.79116E+12,77890,219,25
777,내일은 발명왕 :본격 대결 과학발명 만화,글: 곰돌이 co. ;그림: 홍종현,Mirae N 아이세움,2011,35,9.79116E+12,77400,507.5,25
777,(코믹 메이플스토리) 수학도둑 :언제 어디에서나 원리를 응용하여 문제를 격파하는 수학의 해결사!,글: 송도수 ;그림: 서정 엔터테인먼트,서울문화사,2021,84,9.79116E+12,67410,410,25
777,요괴의 아이를 키우고 있습니다,히로시마 레이코 글 ;김지영 옮김,넥서스,2022,1,9.79117E+12,74830,833.6,25
777,천개산 패밀리,박현숙 글 ;길개 그림,특서주니어,2023,1,9.79117E+12,73810,813.7,25
777,고민을 들어줘 닥터 별냥,이지음 글 ;문채빈 그림,꿈터,2023,3,9.79117E+12,74810,813.7,25
777,악동 김블루의 친절한 과학 :기초 과학 도전 만화,원작: 악동 김블루 ;그림: 이영아,위즈덤하우스,2022,3,9.79117E+12,77400,400,25
777,민쩌미 세계로 쩜프!,민쩌미 원작 ;툰쟁이 그림,위즈덤하우스,2023,1,9.79117E+12,77900,980,25
777,청소 특공대 다람단,글·그림: 문채빈,미래엔,2023,2,9.79117E+12,74810,813.7,25
777,(전설의 모험왕) 엉덩이 댄디 :the young,원작·감수: 트롤 ;옮긴이: 김정화,미래엔,2021,7,9.79117E+12,77830,830,25
777,파뿌리24 13,"파뿌리 (원작), 백승하 (글), 이정태 (그림), 샌드박스 네트워크 (감수)",겜툰,2023,13,9.79117E+12,,,25
777,쿠키런 킹덤,글: 김강현 ;그림: 김기수,서울문화사,2021,14,9.79117E+12,64380,810,25
777,(코믹 메이플스토리) 수학도둑 :언제 어디에서나 원리를 응용하여 문제를 격파하는 수학의 해결사!,글: 송도수 ;그림: 서정 엔터테인먼트,서울문화사,2021,93,9.79117E+12,67410,410,25
777,비마이펫 멍냥연구소 7,"비마이펫 (원작), 박지영 (만화)",서울문화사,2023,7,9.79117E+12,,,25
777,발명코믹북 무한의 계단 4 - 역전의 명수,"임우영 (지은이), 양선모 (그림)",서울문화사,2024,4,9.79117E+12,,,25
777,츠츠츠츠 :이지은 그림책 ,글·그림: 이지은,사계절(사계절출판사),2024,,9.79117E+12,77810,813.7,25
777,태어난 김에 세계 일주,글: 김경희 ;그림: 정용환,아울북(북이십일 아울북),2023,1,9.79117E+12,74980,980.2,25
777,옐언니,원작: 옐언니 ;그림: 라임스튜디오,아울북,2024,1,9.79117E+12,74810,375.2,25
777,반려 요괴,김영주 글 ;밤코 그림,위즈덤하우스,2024,1,9.79117E+12,74810,813.7,25
777,하늘 마을로 간 택배 :구름 배송 왔습니다 ,글: 김경미 ;그림: 김무연,슈크림북,2023,,9.79119E+12,74810,813.7,25
777,밍꼬발랄 :공소시효 ,원작: 밍꼬발랄 ;그림: 라임스튜디오,겜툰,2020,3,9.79119E+12,77800,810,25
777,밍꼬발랄 :공소시효 ,원작: 밍꼬발랄 ;그림: 라임스튜디오,겜툰,2020,4,9.79119E+12,77800,810,25
777,놓지 마 과학!,"글, 그림: 신태훈,나승훈",위즈덤하우스,2020,4,9.79119E+12,67400,408,25
777,설민석의 세계사 대모험,"글: 설민석,그림: 박성일",단꿈아이,2019,12,9.79119E+12,77900,909,25
777,설민석의 삼국지 대모험,원작: 나관중 ;만화: 스튜디오 담,Dankkum i(단꿈아이),2021,11,9.79119E+12,77820,823.5,25
777,놓지 마 과학!,"글, 그림: 신태훈,나승훈",위즈덤하우스,2020,7,9.79119E+12,67400,408,25
777,설민석의 한국사 대모험,"글: 설민석,그림: 정현희",휴먼큐브,2017,21,9.7912E+12,74910,911,25
777,설민석의 세계사 대모험,"글: 설민석,그림: 박성일",단꿈아이,2019,8,9.7912E+12,77900,909,25
777,채사장의 지대넓얕 :지적 대화를 위한 넓고 얕은 지식,"글: 채사장,그림: 정용환",Dolphin Books(돌핀북),2021,4,9.7912E+12,74900,1,25
777,채사장의 지대넓얕 :지적 대화를 위한 넓고 얕은 지식,"글: 채사장,그림: 정용환",Dolphin Books(돌핀북),2021,5,9.7912E+12,74900,1,25
835,신비아파트 한자 귀신 3 - 새로운 봉인 카드,"김강현 (지은이), 김기수 (그림), 김경익, 박상우 (감수)",서울문화사,2019,3,9.78893E+12,,,24
835,말이야와 친구들 =Mari and friends,원작: 말이야와 친구들 ;그림: 이혜림,주니어김영사,2021,3,9.78893E+12,77810,813.7,24
835,(호야 님의) 신기 문구점 :어린이 말하기 비법 동화,대화법 코칭: 옥효진 ;그림: 류수형,김영사,2023,1,9.78893E+12,74810,802,24
835,김영하의 세계문학 원정대,기획 및 해설: 김영하 ;정보 글: 김지혜,김영사,2023,3,9.78893E+12,77800,809,24
835,내 친구 도감 :학교생활 잘하는 법 ,김원아 글 ;주쓰 그림,창비,2025,,9.78894E+12,77800,375.2,24
835,고양이를 안는 법 :슷카이 만화 ,글·그림: 슷카이,창비,2021,,9.78894E+12,77810,813.7,24
835,내일은 실험왕 :본격 대결 과학실험 만화,"글: 곰돌이 co. ,그림: 홍종현",미래엔,2011,38,9.78894E+12,77400,400,24
835,만복이네 떡집 ,김리리 글 ;이승현 그림,비룡소,2010,354,9.78895E+12,74800,813.7,24
835,건방이의 건방진 수련기,천효정 글 ;강경수 그림,비룡소,2015-2018,4,9.78895E+12,74800,813.7,24
835,건방이의 건방진 수련기,천효정 글 ;강경수 그림,비룡소,2015-2018,5,9.78895E+12,74800,813.7,24
835,(정재승의) 인간 탐구 보고서,"글: 정재은,특대호 원고: 오경은",아울북(북이십일 아울북),2019,12,9.78895E+12,74400,511,24
835,그리스 로마 신화,"글: 박시연,정보글: 강대진",아울북(북이십일 아울북),2017,4,9.78895E+12,74800,219,24
835,마법천자문 :손오공의 한자 대탐험,"글: 시리얼,홍거북",북이십일,2019,8,9.78895E+12,77720,711.4,24
835,마법천자문 :손오공의 한자 대탐험,"저자: 스튜디오시리얼,정수영",아울북,2005,46,9.78895E+12,77720,711.4,24
835,(이사도라 문) 마녀 요정 미라벨,해리엇 먼캐스터 지음 ;심연희 옮김,을파소(북이십일 을파소),2021,4,9.78895E+12,74840,843,24
835,마법천자문 :손오공의 한자 대탐험,"저자: 스튜디오시리얼,정수영",아울북,2005,51,9.78895E+12,77720,711.4,24
835,리보와 앤 :아무도 오지 않는 도서관의 두 로봇 ,어윤정 글 ;해마 그림,문학동네,2023,89,9.78895E+12,73810,813.7,24
835,의사 어벤저스 :어린이 의학 동화,글: 고희정 ;그림: 조승연,가나문화콘텐츠,2021,5,9.78896E+12,74510,510,24
835,(빈대가족의) 응답하라 짠돌이 시대 ,글: 스토리박스 ;그림: 류수형,재미북스,2016,28,9.78896E+12,77320,320,24
835,수상한 학원 ,박현숙 글 ;장서영 그림,북멘토,2016,20,9.78896E+12,73810,813.7,24
835,수상한 지하실 ,박현숙 글 ;장서영 그림,북멘토,2022,48,9.78896E+12,73810,813.7,24
835,수상한 고물상 ,박현숙 글 ;유영주 그림,북멘토,2023,55,9.78896E+12,73810,813.7,24
835,용선생 만화 한국사: ,"글: 정상민,주성윤",사회평론,2016-2017,7,9.78896E+12,67900,911,24
835,알레르기 :함께할 수 없지만 내가 진정 원하는 것 ,글: 메건 바그너 로이드 ;옮김: 임윤정,밝은미래,2022,,9.78897E+12,77800,840,24
835,생일엔 마라탕,글: 류미정 ;그림: 손수정,밝은미래,2024,3,9.78897E+12,73810,813.7,24
835,(나의 성격을 이해하고 더 멋진 내가 되는) 우리들의 MBTI ,"글: 조수연,그림: 소윤",다산북스,2021,,9.79113E+12,77190,182,24
835,한문철의 어린이 교통안전 :어린이가 스스로 안전을 지키는 그날까지,"글: 유경원,이현구",다산북스,2023,2,9.79113E+12,77300,372.42,24
835,루미너스 오늘부터 데뷔합니다,김영주 글 ;하티 그림,다산북스,2024,1,9.79113E+12,74810,813.7,24
835,만화 한국 신화 :어린이를 위한 우리 인문학,글: 박정효 ;김기수,다산북스,2023,4,9.79113E+12,77810,219,24
835,(방울이TV) 딸랑예술학교,원작: 방울이 TV ;그림: 김영진,학산문화사,2022,2,9.79113E+12,77810,810,24
835,차원의 문 대탈출 :과학 학습 판타지 코믹북,원작: 토깽이네 ;그림: 김기수,학산문화사,2023,1,9.79114E+12,77810,400,24
835,차원의 문 대탈출 :과학 학습 판타지 코믹북,원작: 토깽이네 ;그림: 김기수,학산문화사,2023,2,9.79114E+12,77810,400,24
835,해든 분식 ,동지아 글 ;윤정주 그림,문학동네,2024,,9.79114E+12,73810,813.7,24
835,몽글몽글 편의점 :김영진 그림책 ,김영진,책읽는곰,2024,111,9.79116E+12,77810,813.7,24
835,(읽으면서 바로 써먹는) 어린이 사자소학 ,글·그림: 이수인,파란정원,2019,,9.79116E+12,73710,152,24
835,(읽으면서 바로 써먹는) 어린이 수수께끼 ,글·그림: 한날,파란정원,2020,31,9.79116E+12,73710,388,24
835,마인크래프트로 배우는 지구 대백과 :unofficial book ,마인크래프트 장인 조합 지음 ;김나정 옮김,제제의숲,2023,,9.79116E+12,73400,400,24
835,에그박사,에그박사 원작;박송이 글;홍종현 그림,,,6,9.79116E+12,,470,24
835,내일은 실험왕 :본격 대결 과학실험 만화,"글: 곰돌이 co. ,그림: 홍종현",미래엔,2011,44,9.79116E+12,77400,400,24
835,용선생의 시끌벅적 과학교실,"글: 사회평론 과학교육연구소,캐릭터: 이우일",사회평론,2019,2,9.79116E+12,73400,408,24
835,비밀의 보석 가게 마석관,히로시마 레이코 글 ;김정화 옮김,길벗스쿨,2020,5,9.79116E+12,73830,833.6,24
835,(설민석의) 만만 한국사 :재미 만점★효과 만점★한국사 만화 ,"글: 설민석,그림: 김덕영",미래엔,2020,3,9.79116E+12,77910,911,24
835,백 번 산 고양이 백꼬선생,정연철 글 ;오승민 그림,우리학교,2022,3,9.79117E+12,73810,813.7,24
835,의사 어벤저스 :어린이 의학 동화,글: 고희정 ;그림: 조승연,가나문화콘텐츠,2021,13,9.79117E+12,74510,510,24
835,(김민형 교수의) 수학 추리 탐험대 :초등학생을 위한 이야기 수학,글: 김태호 ;그림: 홍승우,인플루엔셜,2024,2,9.79117E+12,74410,410,24
835,에그박사의 채집 일기 :스티커로 채집하는 자연 생물 관찰 만화,원작: 에그박사 ;그림: 홍종현,Mirae N 아이세움,2021,2,9.79117E+12,77490,472,24
835,내일은 실험왕 :본격 대결 과학실험 만화 시즌2,글: 스토리 a. ;그림: 홍종현,미래엔,2021,26,9.79117E+12,77400,400,24
835,청소 특공대 다람단,글·그림: 문채빈,미래엔,2023,1,9.79117E+12,74810,813.7,24
835,에그박사의 채집 일기 :스티커로 채집하는 자연 생물 관찰 만화,원작: 에그박사 ;그림: 홍종현,Mirae N 아이세움,2021,4,9.79117E+12,77490,472,24
835,뼈뼈 사우루스,글·그림: 암모나이트 ;김정화 옮김,미래엔,2018,17,9.79117E+12,74830,833.6,24
835,태쁘의 퇴마부 10,"태쁘 (원작), 김혜련 (글), 이소연 (그림), 샌드박스 네트워크 (감수)",겜툰,2024,10,9.79117E+12,,,24
835,곤충보다 작아진 정브르 7,"정브르 (원작), 강민희 (글), 강신영 (그림), 샌드박스네트워크 (감수)",겜툰,2024,7,9.79117E+12,,,24
835,(비마이펫) 멍냥연구소 :온 세상 반려가족 필수 반려동물 교양만화,원작: 비마이펫 ;박지영,서울문화사,2021,8,9.79117E+12,74490,527.386,24
835,쿠키런 킹덤스쿨 9 - 머니 쿠키 vs 해피 쿠키,"김언정 (지은이), 이태영 (그림), JA Korea(국제비영리청소년교육기관) (감수)",서울문화사,2023,9,9.79117E+12,,,24
835,타키포오 코믹 어드벤처,원작: 캐릭온TV ;그림: 김규태,대원씨아이,2023,1,9.79117E+12,77810,810,24
835,옐언니,원작: 옐언니 ;그림: 라임스튜디오,아울북,2024,3,9.79117E+12,74810,375.2,24
835,그리스 로마 신화,"글: 박시연,정보글: 강대진",아울북(북이십일 아울북),2017,41,9.79117E+12,74800,219,24
835,무적 이순신,"글: 박지연,그림: 정수영",아울북(북이십일 아울북),2023,4,9.79117E+12,77990,998.3,24
835,마법천자문 :손오공의 한자 대탐험,"저자: 스튜디오시리얼,정수영",아울북,2005,65,9.79117E+12,77720,711.4,24
835,고양이 라옹 :슈퍼 블루문의 기적 ,송보름 글 ;김연제 그림,크레용하우스,2024,,9.79117E+12,74810,813.7,24
835,타키·포오 탐정사무소,원작: 캐릭온TV ;그림: 김규태,대원씨아이,2024,1,9.79117E+12,74900,980,24
835,(무엇이든 해결단) 허팝 연구소,라곰씨 글 ;차차 그림,부즈펌,2018-2021,2,9.79119E+12,74810,400,24
835,설민석의 한국사 대모험,"글: 설민석,그림: 정현희",휴먼큐브,2017,8,9.79119E+12,74910,911,24
835,설민석의 삼국지 대모험,원작: 나관중 ;만화: 스튜디오 담,Dankkum i(단꿈아이),2021,6,9.79119E+12,77820,823.5,24
835,기후 위기 해결사 사이다 탐정,백명식 글·그림,와이즈만 Books,2021,4,9.79119E+12,74400,539,24
835,채사장의 지대넓얕 :지적 대화를 위한 넓고 얕은 지식,"글: 채사장,그림: 정용환",Dolphin Books(돌핀북),2021,2,9.7912E+12,74900,1,24
835,채사장의 지대넓얕 :지적 대화를 위한 넓고 얕은 지식,"글: 채사장,그림: 정용환",Dolphin Books(돌핀북),2021,7,9.7912E+12,74900,1,24
902,태양의 마녀 나코와 코기 봉봉,히로시마 레이코 글 ;김정화 옮김,웅진씽크빅,2022,1,9.7889E+12,74830,833.6,23
902,도꺄비 탐정 탱구,글: 김기홍 ;그림: 허지혜,웅진씽크빅,2023,1,9.7889E+12,74400,400,23
902,"아드님, 진지 드세요 ",강민경 글 ;이영림 그림,좋은책신사고 좋은책어린이,2011,24,9.78893E+12,74810,813.7,23
902,이상한 초대장,박현숙 글 ;국민지 그림,김영사,2021,1,9.78893E+12,73810,813.7,23
902,슈뻘맨의 슈퍼 상식 월드컵,원작: 슈뻘맨 ;그림: 이혜림,김영사,2024,1,9.78893E+12,77030,31,23
902,유령 고양이 후쿠코 ,히로시마 레이코 글 ;고향옥 옮김,김영사,2021,1,9.78893E+12,74830,833.6,23
902,내일은 실험왕 :본격 대결 과학실험 만화,글: 곰돌이 co. ;그림: 홍종현,미래엔컬처그룹,2009-2010,11,9.78894E+12,77400,400,23
902,벌거벗은 세계사,"글: 이현희,최호정",아울북(북이십일 아울북),2022,1,9.78895E+12,74900,909,23
902,어쩔뚱땡! 고구마머리TV :호기심·상상력이 숙쑥 자라나는 과학학습만화,글: 서동건 ;이정태,아울북(북이십일 아울북),2021,5,9.78895E+12,74400,400,23
902,벌거벗은 한국사 :초등학생이 꼭 알아야 할 필수 한국사,"글: 윤진숙,그림: 이효실",아울북(북이십일 아울북),2023,2,9.78895E+12,74910,911,23
902,그리스 로마 신화,"글: 박시연,정보글: 강대진",아울북(북이십일 아울북),2017,8,9.78895E+12,74800,219,23
902,그리스 로마 신화,"글: 박시연,정보글: 강대진",아울북(북이십일 아울북),2017,11,9.78895E+12,74800,219,23
902,그리스 로마 신화,"글: 박시연,정보글: 강대진",아울북(북이십일 아울북),2017,12,9.78895E+12,74800,219,23
902,(권일용 프로파일러의) 사라진 셜록 홈즈,글: 한주이 ;원작: 아서 코난 도일,아울북(북이십일 아울북),2023,5,9.78895E+12,74810,813.7,23
902,(이웃집 프로파일러) 하이다의 사건 파일 :표창원의 미스터리 추리 동화,글: 선자은 ;그림: 이태영,아울북(북이십일 아울북),2023,3,9.78895E+12,74810,813.7,23
902,정재승의 인류 탐험 보고서,"글: 차유진,그림: 김현민",아울북(북이십일 아울북),2021,3,9.78895E+12,74400,471,23
902,정재승의 인류 탐험 보고서,"글: 차유진,그림: 김현민",아울북(북이십일 아울북),2021,4,9.78895E+12,74400,471,23
902,책과 노니는 집 ,이영서 글 ;김동성 그림,문학동네,2009,30,9.78895E+12,73810,813.6,23
902,(귀신도 반한) 숲속 라면 가게 ,이서영 글 ;송효정 그림,크레용하우스,2022,,9.78896E+12,74810,813.7,23
902,시간 고양이,박미연 글 ;이소연 그림,이지북,2022,3,9.78896E+12,74810,813.7,23
902,귀신 선생님과 진짜 아이들 ,남동윤 만화,사계절,2014,,9.78896E+12,77810,810,23
902,놓지 마 과학!,"글·그림: 신태훈,나승훈",위즈덤하우스,2016,3,9.78896E+12,67400,408,23
902,수상한 친구 집 ,박현숙 글 ;장서영 그림,북멘토,2016,22,9.78896E+12,73810,813.7,23
902,(빈대 가족의) 부자 완전정복:짠돌이들에게 배우는 경제 지혜,글: 이룸;그림: 류수형,재미북스,2007,3,9.78899E+12,77000,327,23
902,(최재천의) 동물대탐험 :지구를 사랑하는 어린이를 위한 생물학 동화,황혜영 글 ;안선영 해설,다산북스,2022,6,9.79113E+12,74470,491,23
902,드래곤 마스터,글: 트레이시 웨스트 ;옮김: 윤영,다산북스,2023,3,9.79113E+12,74840,843,23
902,드래곤 마스터,글: 트레이시 웨스트 ;옮김: 윤영,다산북스,2023,5,9.79113E+12,74840,843,23
902,만화 한국 신화 :어린이를 위한 우리 인문학,글: 박정효 ;김기수,다산북스,2023,3,9.79113E+12,77810,219,23
902,(읽으면서 바로 써먹는) 어린이 한국사 퀴즈,글·그림: 한날,파란정원,2021,2,9.79116E+12,73030,911,23
902,(읽으면서 바로 써먹는) 어린이 감정 표현 ,글·그림: 한날,파란정원,2024,62,9.79116E+12,73710,181,23
902,나의 돈키호테 :김호연 장편소설 ,지은이: 김호연,나무옆의자,2024,,9.79116E+12,3810,813.7,23
902,에그박사,에그박사 원작;박송이 글;홍종현 그림,,,8,9.79116E+12,,470,23
902,내일은 실험왕 :본격 대결 과학실험 만화,"글: 곰돌이 co. ,그림: 홍종현",미래엔,2011,43,9.79116E+12,77400,400,23
902,내일은 발명왕 :본격 대결 과학발명 만화,글: 곰돌이 co. ;그림: 홍종현,Mirae N 아이세움,2011,25,9.79116E+12,77400,507.5,23
902,용선생의 시끌벅적 과학교실,"글: 사회평론 과학교육연구소,캐릭터: 이우일",사회평론,2019,1,9.79116E+12,73400,408,23
902,용선생이 간다 :세계 문화 여행,"글: 사회평론 역사연구소,캐릭터: 이우일",사회평론,2020,6,9.79116E+12,77900,980.2,23
902,비밀의 보석 가게 마석관,히로시마 레이코 글 ;김정화 옮김,길벗스쿨,2020,2,9.79116E+12,74830,833.6,23
902,(추리 천재) 엉덩이 탐정,트롤 글·그림 ;김정화 옮김,미래엔,2016,8,9.79116E+12,74830,833.6,23
902,과학 탐정스 :기발한 과학 추리 동화,조인하 글 ;조승연 그림,미래엔,2020,1,9.79116E+12,74400,400,23
902,내일은 발명왕 :본격 대결 과학발명 만화,글: 곰돌이 co. ;그림: 홍종현,Mirae N 아이세움,2011,32,9.79116E+12,77400,507.5,23
902,산불에서 살아남기,글: 포도알친구 ;그림: 한현동,미래엔,2020-2021,71,9.79116E+12,77470,526,23
902,(처음 읽는) 그리스 로마 신화 =First Greek mythology,글: 최설희 ;그림: 한현동,미래엔,2020,4,9.79116E+12,77890,219,23
902,(설민석의) 역사 고민 상담소 :역사 이야기로 고민을 해결하는 스토리텔링 한국사,"글: 설민석,정주연",미래엔,2020,3,9.79116E+12,74910,911,23
902,코믹 메이플 스토리 수학도둑 81 - 국내 최초 수학논술만화,"송도수 (지은이), 서정 엔터테인먼트 (그림), 여운방 (감수)",서울문화사,2021,81,9.79116E+12,,,23
902,정브르의 희귀동물일기 ,지음: 정브르,서울문화사,2023,,9.79116E+12,,491,23
902,신비아파트 한자 귀신 8 - 혼돈의 도시,"김강현 (지은이), 김기수 (그림), 김경익, 박상우 (감수)",서울문화사,2020,8,9.79116E+12,,,23
902,쿠키런 킹덤 1 : 작은 거인의 땅 - 오리지널 레벨업 코믹북,"김강현 (지은이), 김기수 (그림)",서울문화사,2021,1,9.79116E+12,,,23
902,별의 커비 :디스커버리,다카세 미에 글 ;현승희 옮김,해피북스투유,2023,2,9.79116E+12,74830,833.6,23
902,황석영의 어린이 민담집,글: 황석영 ;정경아,휴먼큐브,2023,18,9.79117E+12,74810,388,23
902,이모티콘은 우릴 보고 웃지 ,제성은 글 ;메 그림,우리학교,2024,,9.79117E+12,73810,813.7,23
902,의사 어벤저스 :어린이 의학 동화,글: 고희정 ;그림: 조승연,가나문화콘텐츠,2021,12,9.79117E+12,74510,510,23
902,악동 김블루의 친절한 과학 :기초 과학 도전 만화,원작: 악동 김블루 ;그림: 이영아,위즈덤하우스,2022,1,9.79117E+12,77400,400,23
902,"셜록 홈스, 범인을 찾아라!",아서 코난 도일 원작 ;최우빈 그림,Mirae N 아이세움,2022,4,9.79117E+12,74840,843,23
902,묘신계 요괴전,원작: 화화 ;그림: 도니패밀리,미래엔,2023,3,9.79117E+12,77810,388,23
902,에그박사의 채집 일기 :스티커로 채집하는 자연 생물 관찰 만화,원작: 에그박사 ;그림: 홍종현,Mirae N 아이세움,2021,5,9.79117E+12,77490,472,23
902,파뿌리24,원작: 파뿌리 ;그림: 이정태,겜툰,2021,6,9.79117E+12,77800,810,23
902,파뿌리24,원작: 파뿌리 ;그림: 이정태,겜툰,2021,8,9.79117E+12,77800,810,23
902,블라인드,원작: 잠뜰TV ;그림: 루체,서울문화사,2021,7,9.79117E+12,77810,813.7,23
902,(코믹 메이플스토리) 수학도둑 :언제 어디에서나 원리를 응용하여 문제를 격파하는 수학의 해결사!,글: 송도수 ;그림: 서정 엔터테인먼트,서울문화사,2021,89,9.79117E+12,67410,410,23
902,무한의 계단 :발명코믹북,글: 임우영 ;그림: 양선모,서울문화사,2023,1,9.79117E+12,67400,507.5,23
902,(이진우 기자의) 몬말리는 경제 모험 :어린이를 위한 사회탐구 프로젝트,"글: 글몬,그림: 지문",아울북(북이십일 아울북),2023,2,9.79117E+12,74300,320,23
902,간 떨어지는 분식집,글: 박현숙 ;그림: 더미,아울북(북이십일 아울북),2023,1,9.79117E+12,74810,813.7,23
902,(간니닌니) 마법의 도서관 :명작 속으로 떠나는 판타지 동화 여행,"글: 지유리,그림: 이경희",아울북(북이십일 아울북),2020,16,9.79117E+12,74800,813.7,23
902,(비밀요원 레너드) 추억의 놀이 대작전,글: 한리라 ;그림: 퍼니툰,아울북(북이십일 아울북),2024,2,9.79117E+12,74810,813.7,23
902,비밀요원 레너드 과학X파일,글: 김정욱 ;정보 글: 서원호,아울북(북이십일 아울북),2023,4,9.79117E+12,77400,400,23
902,흔한남매 과학 탐험대,원작: 흔한남매 ;임혜영,김영사,2021,13,9.79117E+12,77400,400,23
902,"(네모아저씨의) 페이퍼 블레이드 :절제된 외형, 나아진 성능! 팽이의 본질을 되묻다! ",이원표 지음,슬로래빗,2024,11,9.79119E+12,13630,634,23
902,설민석의 세계사 대모험,"글: 설민석,그림: 박성일",단꿈드림,2019,2,9.79119E+12,77900,909,23
902,엉뚱하지만 과학입니다,"원종우,송승기 그림",와이즈만 Books,2022,2,9.79119E+12,74400,400,23
902,엉뚱하지만 과학입니다,"원종우,송승기 그림",와이즈만 Books,2022,4,9.79119E+12,74400,400,23
902,왔구마 :고구마구마,"글: 조주희,이두희",킨더랜드,2023,2,9.79119E+12,74810,813.7,23
902,엉뚱하지만 과학입니다,"원종우,송승기 그림",와이즈만 Books,2022,7,9.79119E+12,74400,400,23
902,채사장의 지대넓얕 :지적 대화를 위한 넓고 얕은 지식,"글: 채사장,그림: 정용환",Dolphin Books(돌핀북),2021,12,9.79119E+12,74900,1,23
902,세금 내는 아이들의 생생 경제 교실,글: 최재훈 ;그림: 안병현,샌드박스네트워크,2022,1,9.7912E+12,74320,320,23
976,도꺄비 탐정 탱구,글: 김기홍 ;그림: 허지혜,웅진씽크빅,2023,2,9.7889E+12,74400,400,22
976,걱정 세탁소 :걱정을 세탁해 드립니다! ,홍민정 글 ;김도아 그림,좋은책신사고 좋은책어린이,2020,115,9.78893E+12,74810,813.7,22
976,책 먹는 여우의 봄 이야기 ,프란치스카 비어만 글·그림 ;송순섭 옮김,김영사,2024,,9.78893E+12,73850,853,22
976,말이야와 좋은 습관 친구들,원작: 말이야와 친구들 ;그림: 이혜림,김영사,2022,1,9.78893E+12,77300,199,22
976,운동장 아래 100층 학교,최은옥 글 ;파키나미 그림,김영사,2019,1,9.78893E+12,73810,813.7,22
976,아홉 살 느낌 사전 ,박성우 글 ;김효은 그림,창비,2019,,9.78894E+12,73710,181,22
976,내일은 실험왕 :본격 대결 과학실험 만화,"글: 곰돌이 co. ,그림: 홍종현",미래엔,2011,24,9.78894E+12,77400,400,22
976,내일은 실험왕 :본격 대결 과학실험 만화,"글: 곰돌이 co. ,그림: 홍종현",미래엔,2011,39,9.78894E+12,77400,400,22
976,내일은 발명왕 :본격 대결 과학발명 만화,글: 곰돌이 co. ;그림: 홍종현,Mirae N 아이세움,2011,13,9.78894E+12,77400,507.5,22
976,어쩔뚱땡! 고구마머리TV :호기심·상상력이 숙쑥 자라나는 과학학습만화,글: 서동건 ;이정태,아울북(북이십일 아울북),2021,4,9.78895E+12,74400,400,22
976,그리스 로마 신화,"글: 박시연,정보글: 강대진",아울북(북이십일 아울북),2017,9,9.78895E+12,74800,219,22
976,그리스 로마 신화,"글: 박시연,정보글: 강대진",아울북(북이십일 아울북),2017,20,9.78895E+12,74800,219,22
976,그리스 로마 신화,"글: 박시연,정보글: 강대진",아울북(북이십일 아울북),2017,22,9.78895E+12,74800,219,22
976,마법천자문 :손오공의 한자 대탐험,"글: 시리얼,홍거북",북이십일,2019,6,9.78895E+12,77720,711.4,22
976,마법천자문 :손오공의 한자 대탐험,"글: 시리얼,홍거북",북이십일,2019,15,9.78895E+12,77720,711.4,22
976,(정재승의) 인간 탐구 보고서,"글: 정재은,특대호 원고: 오경은",아울북(북이십일 아울북),2019,1,9.78895E+12,74400,511,22
976,(책임감이 자라는) 강아지 탐구 생활 ,글·그림: 헬로그,아울북(북이십일 아울북),2020,,9.78895E+12,77490,527,22
976,시간 고양이,박미연 글 ;이소연 그림,이지북,2022,30,9.78896E+12,74810,813.7,22
976,의사 어벤저스 :어린이 의학 동화,글: 고희정 ;그림: 조승연,가나문화콘텐츠,2021,3,9.78896E+12,74510,510,22
976,(빈대 가족의) 절약 삼시세끼 ,글: 스토리박스 ;그림: 류수형,재미북스,2015,26,9.78896E+12,77320,320,22
976,수상한 우리 반 ,박현숙 글 ;장서영 그림,북멘토,2015,14,9.78896E+12,73810,813.7,22
976,버섯도리 버섯탐정 3 - 사건의 실체,"버섯도리 (원작), 박종은 (글), 주영휘 (그림), 샌드박스네트워크 (감수)",키즈아이콘(아이코닉스),2024,3,9.78896E+12,,,22
976,용선생 만화 한국사: ,"글: 정상민,주성윤",사회평론,2016-2017,3,9.78896E+12,67900,911,22
976,용선생 만화 한국사: ,"글: 정상민,주성윤",사회평론,2016-2017,5,9.78896E+12,67900,911,22
976,쿡판다의 수상한 만두카,글: 함윤미 ;그림: 세미,와이엘씨,2024,1,9.78898E+12,74810,813.7,22
